property_size,number_of_bedrooms,number_of_bathrooms,price
2185.430535,4,3,264744.9728
4778.214379,3,2,512738.1328
3793.972738,5,3,425938.1746
3193.963179,1,2,341389.7163
1202.083882,5,1,152277.7673
1201.975342,1,3,148985.6374
761.3762548,2,1,99426.31217
4397.792656,1,3,465773.3249
3205.017553,4,1,349009.2346
3686.3266,3,3,408568.0464
592.6302243,2,1,79434.59508
4864.594335,1,1,499655.3998
4245.991884,5,3,474215.2894
1455.525998,2,1,162769.3027
1318.212352,2,1,150359.4891
1325.320294,1,1,144845.6449
1869.090093,2,3,222152.1531
2861.403942,5,3,334401.1736
2443.752584,2,1,263129.4592
1810.531131,5,1,213994.5875
3253.338026,1,3,356585.9031
1127.722373,3,3,151669.4498
1814.650918,2,1,195919.0269
2148.628295,3,1,240386.6725
2552.314929,5,1,286420.0283
4033.291826,2,2,428021.6499
1398.53202,4,3,182661.8794
2814.054973,3,2,315154.3735
3165.86556,2,3,346315.2076
709.0268572,3,3,116178.1828
3233.951834,2,3,359507.297
1267.358557,1,3,156182.3335
792.7321684,3,3,118163.4288
4769.984918,4,3,521569.5999
4845.344149,4,3,529576.6597
4137.788067,5,2,456069.2378
1870.761961,2,1,206187.4051
939.524513,3,1,117131.6127
3579.048619,5,2,398510.1851
2480.686222,3,2,278766.0756
1049.172057,2,2,130527.3891
2728.296096,4,2,311097.1497
654.748345,1,3,95661.94795
4591.941809,4,1,481313.4037
1664.509917,5,3,216762.7933
3481.35028,1,1,361524.5003
1902.699842,5,1,223232.5667
2840.306095,2,2,309253.5726
2960.196257,1,3,327267.8511
1331.84505,5,2,176079.5579
4863.130825,2,3,518767.3272
3988.097705,4,1,427623.8751
4727.745237,2,2,496831.2102
4526.723077,3,2,480913.0714
3190.549905,2,1,335801.556
4648.434058,2,1,484568.1927
898.2162592,3,1,114727.876
1381.922881,5,2,180218.4589
703.5228001,5,3,120802.4716
1963.986488,2,2,223431.0054
2249.047804,3,3,262621.8172
1721.070643,3,2,203970.9094
4229.318791,4,2,460532.6982
2105.38997,5,1,245047.5797
1764.205294,1,3,207798.3561
2942.132374,5,2,336629.8451
1134.159012,5,2,155118.7977
4109.886413,4,1,441128.9418
835.4778966,1,1,96494.74714
4940.991215,4,3,536335.3722
3975.101462,1,2,418184.0123
1394.220567,2,3,171932.2514
524.8495271,1,2,72134.59616
4169.576428,4,3,460668.6055
3680.858047,5,1,399500.9649
3780.532256,1,2,398437.3026
3970.71656,1,3,422284.4267
833.2009328,3,1,106746.6807
2113.095778,5,1,244311.9888
1021.410768,2,3,134506.8995
4383.965416,4,2,475715.033
3304.841571,2,2,358359.2973
1989.041112,5,1,228688.9915
786.0125763,1,2,98075.80807
1899.420448,1,2,209403.7601
1963.324949,5,2,235452.6887
3783.227803,1,1,392981.7299
3369.008621,1,3,365513.2098
4492.457342,1,2,469716.7045
2624.967163,4,1,286488.9916
1038.174107,4,1,133088.2467
3709.601543,3,3,407481.6375
3923.532719,2,2,418473.1371
3025.747389,5,2,344129.4928
3969.35231,5,3,448656.5482
2722.080184,5,3,318590.3776
2852.297732,3,1,302190.7489
2423.934583,4,1,270761.1574
614.3860703,3,3,104039.6294
985.5114215,5,2,142029.0349
641.4313356,2,1,82562.45239
3363.846851,1,1,348401.4127
1914.601915,4,2,229074.4367
2788.56811,4,1,304909.7186
4584.049133,3,2,490357.6288
1621.815031,4,2,199192.4434
2346.723154,5,2,277792.7352
3899.980123,5,3,444517.3324
1529.591745,3,3,192744.0064
846.4095942,5,3,132623.0322
1803.881538,2,2,206337.0052
1225.495793,3,2,150011.4275
4683.639436,2,3,500974.5173
4136.541708,1,1,425835.6059
3350.316904,2,2,359983.5136
4421.572656,1,1,455461.9753
4116.524346,1,1,423007.5947
1339.565265,2,2,162198.5878
4516.515493,3,2,482651.9635
2927.040089,5,1,325685.4082
4133.480698,5,1,445692.2804
4532.41085,1,3,482551.4663
1931.015637,1,3,223751.7603
995.2336604,3,2,128789.1056
1525.708231,4,3,195254.5902
2421.985049,2,3,275591.0528
4181.066447,1,3,444414.9028
4373.287625,5,3,484690.2467
531.2845874,3,1,75176.01699
2798.362862,2,2,307585.0645
2378.349514,3,3,277360.0741
1499.485147,2,1,168335.6945
1039.394153,2,1,123641.2112
2019.268271,1,1,214652.0836
4743.093668,3,3,514090.2965
1954.413194,3,3,234234.8759
2834.557798,5,2,324986.5045
3663.585315,5,3,414193.0142
2136.333211,1,3,237755.6868
4873.019372,1,1,500033.3789
4831.012827,4,2,521946.779
1633.020331,5,3,214154.4639
2737.618277,2,3,309692.6226
1853.952394,3,1,210867.5009
1781.782225,1,1,191355.5377
665.9912631,3,3,105993.7577
3243.039503,3,2,354068.6465
2762.055605,4,2,311573.4147
731.6543806,5,1,107396.9804
1753.909089,1,1,190798.6778
4587.196487,3,3,497440.7561
1578.028508,1,1,169902.4723
1152.026924,2,3,149203.7484
2702.537421,4,2,307456.1556
4935.427043,2,2,516654.9947
1589.248722,1,3,183332.5103
3524.609963,1,1,364359.9226
3927.288269,5,2,431287.402
1569.368948,3,1,178920.6144
3776.973569,3,2,408401.7962
2155.024097,2,3,248595.9129
3345.376238,4,3,381442.5588
3350.883698,3,3,374741.8594
2910.986078,5,2,332699.5566
906.3039652,2,1,109874.8108
4258.86123,2,1,441608.4568
1943.510292,5,1,229429.2528
1339.333297,4,2,169781.8011
683.488137,5,2,110689.7749
3159.018244,4,2,349758.11
3549.039628,5,2,392796.4453
574.6452302,5,2,100100.3023
2804.418762,1,1,294194.6953
1519.230988,2,2,176118.9957
3403.277557,5,2,379588.4295
1284.648931,5,1,163715.7626
3609.219821,3,2,389543.1584
2240.309058,2,1,245316.2517
4715.284949,3,1,492727.2535
1118.844249,2,3,147161.2087
2034.79858,3,3,241822.621
1010.630846,5,3,151269.4594
4661.121282,5,3,514023.9002
4448.02709,1,2,465477.1232
1660.737325,3,3,205155.5708
3469.928207,4,1,372988.4458
4177.499901,1,2,440231.6388
2998.403652,3,3,337813.9381
2883.427603,3,1,310885.5604
1588.335309,1,2,177844.8322
918.9624551,5,2,127771.5782
4537.470911,3,3,492365.0356
4551.881257,5,2,501013.3566
3348.956558,1,1,349464.8643
2025.63406,5,2,243524.8852
2071.443086,2,1,224618.5269
3766.800555,4,2,412724.9873
4536.99617,3,3,493793.8552
4491.888909,4,1,474827.2653
4009.439956,5,2,444172.639
3389.142408,3,2,371345.0034
878.6298425,5,2,130299.3557
1227.329213,2,1,141609.8728
4543.493848,1,1,467388.6182
3228.930768,3,1,347238.7993
541.3867323,2,3,89322.30149
956.6219429,2,3,128954.1129
3485.757961,3,1,370428.5926
522.7771273,5,2,93481.42532
1223.636231,2,3,159461.6634
2969.302052,4,1,322451.9911
3613.52839,2,2,384417.7884
3433.825668,5,3,392712.0885
1509.211893,5,2,192022.9647
3704.806496,4,2,406827.3329
1567.620894,2,2,183249.9958
1964.298642,5,2,236983.4597
3859.211323,3,3,427900.8592
3423.348046,1,3,368132.9966
4321.505347,1,3,459493.5407
3459.258015,1,1,358719.292
3057.388715,2,3,336452.4939
921.5364552,4,2,127801.9367
2154.721114,5,3,267795.0517
1693.410655,3,2,200382.8384
1597.953395,3,1,183256.7413
4878.547496,2,2,511334.4201
2268.939761,1,2,246661.2533
4514.209498,2,2,476670.5571
3340.123817,4,1,361376.9515
4076.650866,4,3,454228.3742
2761.866919,5,3,326302.074
3096.067481,5,1,340383.8322
2716.329622,4,2,308125.9718
1378.593445,4,3,182855.788
3751.034519,4,1,405383.7499
1763.475631,2,3,213508.6445
609.4218489,4,1,86911.99651
3404.625332,3,2,369840.8181
1296.998057,1,3,156184.65
4732.06363,4,1,500738.3232
4792.678597,1,3,509200.5764
4616.889756,2,3,497663.6446
2165.714151,1,3,245419.5131
569.5547744,2,3,90315.78239
4677.433532,3,1,491046.8691
2426.828667,2,2,267012.5809
4849.946686,2,1,507173.746
4836.289897,5,1,513413.6676
4338.54255,4,1,462223.7361
1825.020014,4,2,222549.2139
2232.939779,3,3,262307.5776
4330.115022,3,3,471631.4241
1926.149023,4,3,235900.0115
1262.71736,5,2,166910.9526
3005.605681,4,3,347306.2651
4712.696484,5,2,507845.9245
3632.134085,3,3,405280.2759
3065.275265,1,3,332679.6122
937.294222,3,1,116196.1175
3267.53252,3,2,356894.7632
4955.242325,2,1,514701.3391
1130.378069,2,1,127841.5582
2832.483436,2,1,302172.6889
4448.178824,2,2,474866.5016
3833.45878,5,2,421619.53
3636.570834,4,3,408036.4958
3661.178378,1,1,377793.8734
2117.71018,3,3,251622.7925
1821.163299,5,1,215154.6255
4142.1252,1,2,433929.5461
4145.510276,5,2,456526.7722
4401.825434,5,2,484791.2396
4609.582487,3,1,483576.4411
2801.040795,4,2,317543.5954
2756.823326,2,1,291095.7867
4092.328305,4,3,451319.9578
3424.837688,3,1,366428.5814
3658.850948,3,3,407853.3268
4081.067012,3,1,431817.9279
4505.024038,1,3,478876.2878
2020.978206,4,2,238096.4034
2190.123287,4,3,260511.5132
922.9187293,5,2,134500.9036
3102.260634,5,2,352990.7296
661.7402321,5,3,114269.8425
2595.191082,3,1,281579.0239
2941.900856,4,1,322721.8421
1789.435635,3,1,201070.124
3158.749673,1,1,328742.702
637.2511247,5,1,100924.5561
668.0668494,3,2,97312.63354
4201.702523,3,1,442453.572
2120.857886,1,2,231790.705
1071.772307,2,2,134665.6146
2850.09467,4,2,320647.0187
3964.970989,2,3,429198.3528
1471.194624,5,3,198762.0704
3303.007141,3,2,364139.9201
884.0635925,1,3,116205.5121
732.5677453,1,1,82523.69462
2891.095842,4,1,319124.6116
2932.858047,2,2,317916.5451
3368.434557,4,1,366424.7069
3767.411002,3,2,403800.8925
4891.334358,4,2,526918.6304
2823.351567,1,1,292912.8129
1953.304128,1,3,225791.9411
4078.337876,5,1,440862.3338
1718.745131,5,1,202966.6342
2475.371393,3,2,277723.0667
853.053716,2,2,112678.0085
614.0783454,4,2,97619.62344
4831.917866,3,2,515360.6126
4261.910542,5,3,479143.9354
3631.883927,4,3,404059.9095
2340.28825,5,3,286263.2501
1279.82444,4,2,164191.1559
1203.966692,2,2,144599.1011
1626.093042,3,2,190948.6769
2971.519991,4,3,340773.7583
3715.681652,1,2,394411.4654
3470.888195,1,1,359833.7213
1759.702536,4,1,206992.5635
4796.893763,4,2,512787.0249
3820.536125,4,1,410029.4346
2994.593236,1,1,309954.5367
3252.743358,1,3,355001.5996
2388.200281,4,2,276593.8029
1614.789453,5,2,201637.4217
2101.877054,5,3,253979.2777
3910.307497,2,1,409428.646
564.7706988,3,1,80350.54699
1022.326882,5,2,144041.2777
707.0118891,1,1,86172.75329
683.2796104,5,3,115185.8537
4349.572628,2,3,470317.695
3666.460367,2,2,395031.0517
2633.782231,3,3,298821.0479
940.2537229,5,3,143664.6759
2712.271438,1,2,291218.7841
2630.622969,1,3,291899.2515
1279.408415,4,3,172636.1944
2452.332422,1,3,273258.785
2293.271305,3,1,250975.7143
3271.325441,3,2,358200.849
3357.921429,1,2,354617.651
703.868044,1,2,89215.15414
2185.756766,4,1,247934.4231
3316.369621,1,1,342339.374
2764.113164,4,2,313743.9414
4354.204285,4,1,464345.6111
3464.121342,1,2,363960.5208
1233.204922,2,1,139965.3629
817.5593633,2,3,118144.1551
3390.886752,4,3,381126.3441
619.3008974,1,2,82001.28122
3135.990116,2,1,332523.1334
4731.036086,1,1,487670.3897
3089.6338,1,3,337460.3023
2246.764668,1,3,252481.4464
3394.796983,5,1,375324.438
2562.138007,1,1,272691.6
2955.275552,5,1,330485.2713
4736.591639,4,1,501829.8002
2237.46187,2,1,240129.6556
4825.357537,2,1,498874.8649
4574.077889,2,2,484452.8171
1381.060107,2,1,156942.8071
812.1258539,2,3,118015.7826
953.5010062,2,2,122651.0008
581.9982154,2,1,73193.66094
924.9933234,4,3,138603.2276
3573.53048,1,2,376356.9268
820.3489181,3,3,120266.9493
1935.390336,5,1,227039.434
4301.938899,3,1,457185.2249
604.7237108,3,1,89692.20819
4165.108172,1,1,430724.2633
1768.346486,1,2,197468.2554
1031.741724,1,2,125243.1837
3635.317244,2,3,399307.0353
3330.242811,4,1,360382.9458
4448.624061,2,3,482452.8288
3807.819697,4,2,417242.1112
4115.664187,4,1,440561.9049
1769.155577,3,1,201247.4062
1298.477947,3,2,161690.9679
3877.766382,4,2,425454.5192
4130.756327,4,2,447841.1263
4957.273139,2,2,520610.7104
2356.779546,2,2,259477.6461
2174.081386,3,1,241287.1411
3993.858323,1,2,421943.7053
2033.615931,4,1,232277.1388
4688.407965,2,1,490189.7814
4362.857383,3,2,467274.5463
2430.473123,2,2,270384.7956
3878.919805,4,1,413708.5788
3895.442933,4,2,424770.0939
964.0574098,5,2,138796.8165
4561.48808,1,2,478847.0122
2773.635676,5,3,325775.6337
4219.058597,3,1,444762.6612
1940.223205,2,3,224986.573
4529.854528,3,2,483271.3944
2251.407554,4,3,270921.5218
548.7694317,5,2,97027.3532
4574.218894,5,3,507423.2208
910.7900455,5,2,132178.5519
1936.911369,3,3,232705.2632
4775.278852,4,3,520207.2429
4777.732161,2,3,513170.873
3080.470497,2,1,326888.9955
3343.267455,3,3,374310.7832
2518.004849,5,1,283748.4152
1819.448473,1,2,198638.1614
1978.990454,3,3,239093.3508
3526.333052,3,2,382675.6303
3885.685382,4,2,422842.9867
4062.105697,2,3,441597.5275
4053.281643,3,1,427544.139
910.4274637,3,3,132162.6191
2724.891371,5,2,314723.149
759.0144201,5,2,118268.5807
2972.87997,1,3,323556.0856
2486.887256,4,1,279112.6136
4494.668822,1,1,462989.3833
2079.117556,5,2,248173.2014
1026.801574,2,2,128966.9343
1143.462569,5,1,143793.7865
3926.797843,4,3,437497.0899
3281.981285,5,2,367139.3855
955.0520426,4,1,120799.8637
878.4806275,4,2,120803.3444
3654.361092,4,3,411661.4859
827.4335286,4,1,109484.8261
4198.370267,4,2,458904.4821
3678.090022,2,3,400737.3993
866.0695129,1,2,104192.2354
881.7697134,3,3,124943.9225
4939.878103,1,3,525459.4336
2184.218581,4,1,246110.0617
2167.889662,2,3,249692.3916
4157.598053,5,2,457079.8417
4762.618598,2,3,511265.4253
4937.004787,4,3,539935.2764
3890.201834,2,1,409917.1818
2193.168135,2,3,252597.2762
875.7532251,4,3,128923.2271
3997.161122,2,2,424889.1818
3012.819124,3,1,324802.4734
2408.999042,3,1,261972.3863
4578.594733,2,1,473945.1715
1000.38867,5,3,149726.4428
2716.812969,4,1,299583.9922
551.0914015,3,3,94174.73414
2608.972889,5,3,308380.2982
753.3647406,2,2,100875.6726
1034.680623,5,2,142619.596
1028.86811,1,2,125667.2079
3421.44636,3,2,375215.1346
3857.201957,2,2,408027.8199
3125.159443,4,3,354656.9226
4829.776468,2,3,513984.5883
2186.917608,4,1,245391.7129
1785.704388,2,3,212403.5629
4408.696077,5,3,486970.3172
1506.181273,5,2,189774.4077
4834.501427,5,3,530442.228
554.6951361,1,2,76884.04827
4864.45472,4,1,514584.1607
694.2196038,5,1,100978.4853
4510.144012,1,3,480368.0429
2874.654991,4,1,314372.1389
4968.341583,2,3,530290.848
832.0845413,1,1,99555.35831
2992.34428,3,2,332915.3501
4861.86141,1,2,504586.9786
2853.940299,1,2,308053.4947
3332.293872,4,2,370852.1803
3630.8691,2,3,394790.3835
2545.434791,3,1,279181.0344
3324.01136,5,3,384476.9999
3129.414404,5,2,351696.3508
4555.211047,1,3,482686.0991
704.5087115,4,1,100486.1941
1764.334353,4,3,220976.4259
4776.851678,5,1,511788.1204
4506.187028,3,3,490299.8812
2550.455388,2,1,273826.9306
3290.59669,3,1,349406.7248
1748.215323,2,2,202916.1678
1346.545219,5,1,169993.7019
2586.642822,2,2,284205.5007
2090.085026,4,2,244921.5487
3126.452503,1,2,330583.0353
849.8058663,1,3,115009.0961
4884.776634,5,3,538621.7783
4937.94835,4,3,537670.453
3641.727713,3,3,405421.478
2912.433649,4,1,318575.2104
1892.874273,1,1,203416.6392
4162.077589,1,3,443168.4302
3581.290276,4,1,386081.9233
1231.776227,4,1,150828.9142
4599.17233,1,2,481367.8489
4201.417593,3,2,450402.7055
4774.09961,5,2,518147.0158
3765.737788,5,2,419225.8731
3260.368382,4,1,353163.3097
2382.093663,5,3,283996.2121
4697.278175,1,1,486226.9853
4397.287503,1,1,455491.6584
703.4840155,4,1,95763.87616
618.6513852,4,2,99244.55413
2194.085151,4,2,254402.5656
4147.489989,3,2,446275.9733
4942.742582,5,3,543862.7064
1176.87601,4,1,145218.7854
3173.588219,2,3,349791.2906
2214.008855,2,2,246019.8034
4864.61479,1,3,513629.0952
4289.535154,5,1,460289.871
4272.479171,4,1,455113.5605
2609.119219,2,2,285480.4019
2366.687761,5,2,279032.8802
1730.331824,1,3,205007.6747
753.6897349,3,2,105208.867
4391.250693,5,2,480603.8783
4158.054541,5,1,449804.8243
4998.72953,3,2,531816.9575
4984.865767,5,2,539638.4872
2999.442675,1,1,314429.6324
3960.443368,1,1,410008.8347
4751.445784,3,3,511669.2536
4323.413258,4,2,470079.6379
1613.066458,2,1,181081.2275
2527.448609,4,3,295218.2887
1081.217368,5,3,157197.6125
4793.229623,2,2,506689.6203
3227.785855,3,2,353359.9579
1528.892625,3,3,194035.2186
3522.65308,2,1,374993.053
3281.577082,1,3,355585.7361
2111.732231,2,2,234411.1339
1011.009165,5,1,134708.5537
3522.07938,1,1,366651.063
2841.384654,3,3,322676.7327
3975.432763,2,2,426449.7976
2840.735755,4,3,325396.3639
4334.816751,4,3,478867.5124
2983.580774,5,3,346146.3558
3024.220872,4,1,333860.843
4444.941212,2,1,466479.1519
2315.672898,2,2,256033.9766
1103.068528,4,2,145207.7385
629.5220434,2,3,98671.38011
3898.117651,5,3,438037.5038
3291.392981,1,3,358048.4757
3668.358956,5,2,407886.6725
1458.338727,5,1,174994.5264
1113.67164,2,1,129339.4885
565.4509955,1,3,84165.644
2077.644015,2,3,240778.1558
3154.629591,3,3,357350.2231
2265.098203,2,3,257996.8065
2468.637149,2,2,274490.1253
4568.714125,2,1,474313.4867
2067.149602,1,3,235155.4398
2812.952701,2,2,308876.0139
4026.438557,1,3,432323.9583
2284.44252,4,3,273585.478
3299.390151,3,1,354875.3844
4380.636689,1,3,466401.0522
4772.842806,4,1,504059.8072
1161.830664,1,1,127012.7654
4669.644313,1,1,478313.6103
2714.523319,3,2,308350.5207
1662.099747,5,2,209699.3339
2566.110903,5,1,286908.9416
4910.146589,1,3,517369.743
2716.781423,2,1,290641.8744
1979.382246,4,3,243032.7542
3350.303844,2,1,354128.1521
1580.655285,2,3,191555.6169
841.3849765,1,2,104887.5891
1079.958749,1,3,137651.6339
1076.206275,1,1,120792.4135
1183.562121,1,2,134917.6113
1124.722277,5,3,161012.6284
3383.936352,1,3,365690.8223
1318.46038,5,3,181196.4608
2055.502775,5,3,260520.7955
4535.547845,1,3,483289.7478
2632.827381,3,2,293655.6787
3504.009823,4,2,388244.5853
1275.43942,2,2,154509.3178
1365.300585,5,2,178370.2474
683.9087732,4,1,97604.57851
1260.207784,3,2,161133.8655
1753.656526,2,3,207103.8757
1296.547179,2,3,164601.9821
899.1614019,5,2,129063.3779
1042.86142,1,3,134397.1673
2573.504456,3,2,286513.0726
1428.501733,5,3,191015.4397
2139.214375,3,1,236331.2576
2765.377719,1,1,291489.4053
3606.776729,1,2,383514.5818
676.9046293,5,2,106199.0282
4097.346795,1,2,430844.5477
3325.551753,4,3,375136.0156
867.9156438,2,2,110274.5546
4431.103808,5,1,475676.3467
4643.925802,3,3,502775.6147
774.8508193,4,2,118338.5149
1745.949417,5,3,224460.8613
4127.905759,1,3,439035.3409
3867.168607,1,2,406587.3127
1330.344587,1,3,164077.2253
1442.071955,1,1,161384.081
2167.124463,3,1,236540.4796
2680.353433,4,3,308275.4946
3282.146472,2,2,357956.5775
2160.111378,3,3,255790.3662
2581.406223,3,1,279404.0368
3863.619222,2,3,421431.1803
665.074413,2,3,95235.94582
1635.96625,1,1,176603.376
3710.073136,3,3,410662.956
4528.43077,5,3,503691.6172
2802.54849,2,2,304227.057
2894.510684,2,2,315622.4427
982.274051,4,1,124376.5559
2513.355651,5,1,284846.3326
2896.777699,5,1,320887.0773
1591.117266,2,2,184295.525
1711.594539,1,1,182167.8231
2197.778734,4,1,249080.1459
590.32039,5,1,93748.94123
1949.356245,2,2,220466.3834
1451.516031,5,3,194228.0791
1973.738085,4,1,222476.6257
1038.929593,4,3,147293.606
4507.372763,3,1,473636.8671
3171.166041,2,3,356358.1903
3555.960436,4,2,389372.1096
4051.270574,3,2,439055.4119
2742.989895,3,1,299292.7071
891.1412964,5,3,138675.4024
2916.979438,5,2,336215.1848
3140.785031,3,1,337822.7141
3854.477634,5,1,419226.0818
2442.467958,4,2,280140.5545
1074.111363,1,2,130858.274
1776.991576,4,1,207892.0961
2133.870334,3,3,251135.6788
3406.627586,3,3,377024.2642
3068.502371,4,3,350444.2758
2102.435267,5,1,241643.4495
4939.31862,5,2,534804.8128
3225.986687,3,1,348073.545
1567.520563,2,2,181837.453
958.0211268,5,3,144716.4659
1187.866126,4,3,162902.6581
1606.809778,5,2,203377.8395
1223.06618,4,2,153812.8393
1339.551608,3,1,155741.7602
1782.928259,5,3,227715.3933
1280.181179,4,1,158418.2758
4535.444411,3,1,475560.6362
861.0518555,2,1,100352.0801
2860.301253,4,3,331269.5482
2346.785721,2,1,251407.8474
4920.703776,2,1,507691.0443
1004.17506,1,1,112168.8152
2290.350196,5,1,261665.9689
4862.61695,4,1,513052.2056
4394.782067,2,1,453067.0745
4176.824319,1,3,448476.5643
1660.562722,3,1,191606.0223
1268.994143,4,2,164202.4583
3508.89449,2,1,366614.0776
4682.191951,5,1,500816.212
3005.433019,1,3,329530.2592
3072.257103,2,3,342423.299
1759.905921,5,2,218327.2731
3962.718199,2,2,420803.4723
1341.696869,4,3,178333.678
1956.556564,4,3,240570.2172
2414.463974,4,1,272358.042
2784.246704,1,3,308833.6835
1590.843796,4,2,196662.493
1016.765711,5,1,134844.2244
3247.790191,2,2,353599.9374
1798.83749,3,1,203703.2746
3115.571996,5,3,358835.0238
1194.632219,5,2,163269.9618
2665.130458,4,1,295908.8524
2896.652446,1,1,301779.1566
733.2059157,2,3,106361.6056
2014.719252,1,3,231065.0763
1104.866046,2,3,145412.9742
785.1873671,2,2,104913.3212
4954.821046,1,1,509104.7219
1950.592302,5,3,247459.145
4144.435006,2,2,442586.5869
1645.882946,1,2,185969.5658
3566.76225,2,2,384558.8462
3921.02537,3,3,429037.4891
3180.374333,5,3,367833.2874
2622.092848,4,1,293827.8975
2353.284114,2,1,252892.3196
2069.907199,3,3,244295.4521
4682.881149,4,2,502983.9371
4237.787335,4,2,457599.4674
4842.621098,2,2,508692.586
1059.337506,1,1,118192.7344
3788.903638,2,2,402079.2298
4722.532056,3,1,495284.4422
1315.548798,4,1,161359.4341
799.2332032,2,2,104107.808
3835.042922,1,2,407542.86
3085.129009,2,3,343534.4851
4288.229495,5,3,479884.1107
1128.975695,1,2,132581.9004
4078.702903,3,1,432579.3408
1407.32294,4,1,166548.4262
1236.451743,2,1,143425.6693
1239.196091,1,1,137263.2877
4165.586241,5,1,450665.1265
3493.387493,1,3,375987.5601
2853.794411,5,2,324589.3015
2114.737179,3,3,251668.1743
4447.402434,4,1,470843.5474
2266.002983,3,1,250526.7109
4174.697478,2,1,432735.4721
2476.107089,1,1,262307.0573
2196.249932,5,2,258159.9466
2582.059036,5,1,292310.5034
1856.200434,1,2,207871.3052
3864.242211,1,1,398030.6774
2762.241755,2,2,303388.2287
1544.957128,3,3,194016.5973
4548.08558,5,1,486730.8743
2227.510496,2,2,246733.9402
2945.987875,3,3,329673.5361
4579.124499,2,1,476611.75
3309.070982,5,1,360777.4926
1026.041183,1,1,115794.8067
4729.244556,1,2,493397.5592
3324.686239,3,2,364826.9094
2007.075266,4,3,244103.4356
1126.724327,3,2,143013.5371
4073.113352,4,2,444775.0766
3290.327402,2,1,347702.8562
2900.574914,2,1,308689.8033
4522.516624,5,1,486190.1976
4048.687451,4,1,429797.6008
1182.536959,5,1,152767.2732
1902.749305,1,1,204499.8681
1618.201129,4,1,187786.7467
3847.758317,3,3,423287.6707
650.8959563,1,3,94010.98106
3064.503582,1,3,335181.3646
3931.064086,3,3,432774.1285
4445.445365,1,1,460407.2701
2039.367869,4,3,250100.3204
4195.657871,5,1,449941.3487
997.8428163,1,3,130028.4216
4309.035313,4,2,469561.3979
1073.69898,2,3,142143.5151
2287.792808,4,3,274961.2416
4087.829146,5,1,445807.4555
1174.628423,4,3,163510.2614
1531.631279,3,2,184661.745
3750.136558,5,1,410103.8327
3740.164414,2,1,392306.2171
3385.164348,3,3,377564.2409
3622.768,4,1,389573.9715
2942.259995,5,1,330352.8262
1633.095765,2,1,179672.7192
2055.631971,3,1,231627.9325
1317.189726,2,1,150718.7008
4588.027526,4,1,484004.1403
3125.263076,2,2,339261.6062
2303.831375,1,3,255183.0845
2579.026116,3,2,290153.6277
4762.775028,2,1,496047.9658
1190.081314,4,1,145823.4195
3138.034244,4,3,358050.5198
2776.499055,2,2,307558.2204
3251.544059,4,3,368142.9125
581.4958272,5,2,97031.76755
4424.55759,5,1,478419.0858
4694.532271,5,3,522378.4015
3043.099326,1,3,333317.324
3634.928707,2,1,383515.7968
4651.247215,1,3,496807.6734
3682.573854,4,2,402772.417
1186.425693,1,2,138671.9576
3093.297621,4,2,347791.5111
3230.217709,4,2,362391.7994
2408.588021,3,1,264984.5638
3813.99906,5,3,428640.2773
4704.651566,4,2,510439.2789
4665.058308,3,1,488443.889
2528.777171,5,3,301207.4416
1009.571206,4,3,145641.7963
4931.785395,4,1,524286.8604
4275.041389,1,1,442212.0909
1060.982065,1,2,127927.9375
4643.788472,5,3,514305.4242
4414.533629,4,3,485540.3923
2834.771257,2,1,302593.4047
3160.739461,1,3,340014.8259
2295.512167,5,2,269958.0018
746.4273747,4,3,119125.3813
2008.387587,4,1,226536.7306
4112.840519,2,1,430056.6985
520.8441035,5,2,92675.46791
2000.746273,4,2,239585.5787
2291.759121,1,3,261321.9516
2918.280213,2,3,324896.4102
4639.350274,5,1,496633.352
2058.556975,2,2,231707.8023
2061.289409,1,2,226225.6219
3818.755616,5,2,423265.6116
2534.980734,2,3,285981.5093
1510.721703,3,2,179810.9397
2535.977823,1,1,267843.2047
1133.856592,1,1,127644.7183
1293.741439,1,3,156765.5124
2742.654977,3,3,315056.2086
2385.164523,3,2,268253.2968
4616.806555,4,3,506186.986
2130.772546,2,1,232717.9426
3112.647576,4,2,347197.5325
3345.189296,2,1,353428.4114
558.9250546,3,2,85859.64618
3485.918174,3,3,387198.8842
1301.161851,4,2,165704.4662
4824.816429,5,2,521988.4862
1168.982275,4,1,144544.6792
2365.808557,2,1,251483.6191
884.0735064,4,2,123425.0431
4985.934133,1,3,527023.6623
2759.877546,2,3,309475.3951
3179.232578,2,1,335440.2629
801.8441482,5,3,129060.8864
3874.822117,3,1,411441.0947
1444.575169,2,3,180206.551
4541.244302,3,2,483824.8998
1423.128382,4,1,167906.4365
1358.094743,1,1,146725.3855
664.4735053,5,2,106472.9447
2624.301253,3,1,284726.2827
3041.7851,2,3,336638.5178
795.6888774,3,3,115976.6544
3989.874275,2,1,416075.1859
2539.799756,3,3,293342.8289
2859.756212,2,1,305165.6801
2483.432361,4,2,283228.39
2303.433774,2,1,247517.3817
3018.381491,2,2,325984.7525
1198.581107,1,3,148795.2323
1318.676587,2,2,156170.8015
4378.035295,1,3,467949.7851
4757.51958,5,1,505180.225
2179.891923,1,3,246269.933
1718.351029,4,1,200437.3176
3397.997945,1,1,353167.4635
2339.30377,5,2,280316.4443
614.2386005,4,2,98123.4601
1202.686688,3,2,149260.5596
3721.87503,3,2,402996.5745
3465.157739,1,3,371963.2812
621.9319663,1,3,91031.99713
1498.874729,5,3,197221.3608
1539.836585,5,1,188814.439
3523.517346,2,3,385252.6541
588.6974199,5,3,107636.2102
968.4886189,2,3,129577.7462
4099.622384,4,2,449439.9411
1303.450979,1,3,158702.6124
3437.357485,4,1,375400.8626
1571.822515,5,2,199810.555
947.4862674,4,1,123712.7602
1594.274859,4,3,204164.9522
3750.201193,4,2,411807.7139
4350.634106,5,1,464208.0655
4235.989391,4,3,467041.1723
2287.325883,2,1,248422.9043
3506.383115,5,1,383540.5171
1422.429329,4,1,167432.5532
1819.164786,5,3,230811.6697
4533.511183,3,3,495759.3294
558.5086558,2,1,76344.64901
884.7883888,4,2,124354.8309
1435.488148,3,2,176451.7134
619.3949174,3,3,100206.4777
1316.459458,5,3,177238.2026
3123.687024,3,3,349519.7705
2396.410478,2,3,276766.8253
4517.0227,2,3,485154.2838
4178.496028,1,2,438362.8348
2038.178083,2,3,237218.1319
1667.40545,3,1,193548.8182
2208.615837,2,1,242113.5015
3156.327241,5,2,361070.2846
1706.286384,1,1,183310.5479
3308.670085,3,2,362458.2575
2342.352435,1,2,252201.9584
2984.212314,3,1,324375.1002
2462.569381,5,3,292921.379
1825.095918,1,1,195943.1429
4768.039881,4,1,502609.3831
3936.226074,3,2,423444.8737
1130.509291,4,1,139376.4042
4408.105892,1,2,460594.8386
2693.440392,4,3,312265.7938
4525.485021,4,3,495451.9645
4099.348652,1,3,440601.533
2413.46077,5,1,272136.3514
601.1118874,4,2,96552.2716
1709.048117,4,3,217340.73
2937.353966,5,2,333709.0039
3350.651989,4,2,369629.3611
1660.494584,4,3,209588.4092
1127.102333,4,3,159069.6837
4257.186066,2,2,452106.8218
4929.809813,5,3,540918.5527
2865.60582,4,2,323528.3353
1272.556786,5,2,166051.0943
1725.382969,3,3,212901.016
582.7580445,3,1,82093.01906
4614.34463,4,3,504818.846
1029.879873,5,1,134310.8157
3094.32414,5,2,348659.0521
1733.248493,5,2,215394.484
2993.801011,2,1,319838.0621
3431.391748,3,2,372864.5593
4233.838117,5,1,457300.5851
1428.895723,5,1,171715.5183
549.481229,2,2,79778.88744
1115.985335,2,1,129536.4157
4550.083888,5,3,502189.022
4432.505349,1,3,470377.5222
3188.35896,5,2,358500.3369
3202.325872,5,2,361816.9727
3492.665035,2,1,366891.8455
1289.170754,2,1,142440.6129
4614.853757,5,1,490243.9754
2384.467362,5,1,270233.0058
2224.123377,5,3,272327.7109
2835.129674,2,3,312017.9577
711.3468505,5,2,111135.2247
1248.275159,5,1,156775.0202
3821.151274,4,1,412891.8029
872.5940057,1,2,107489.3569
3214.184493,3,1,345184.4272
1604.070994,1,1,173689.6136
2251.830263,4,1,248921.8934
1799.121815,3,1,204448.596
2100.527224,5,1,243483.5154
3735.706573,4,2,410587.1946
1837.04772,5,1,224557.2474
3048.820881,2,2,326713.8623
2642.22681,4,1,295672.0743
3486.520244,2,3,382077.1294
4715.733827,4,3,516148.0405
3796.574437,4,3,423566.4193
1467.231704,2,3,179874.6977
640.3241078,3,2,93892.74492
1680.188199,1,2,189677.8374
3177.850688,5,1,347750.7214
731.4161607,4,3,118642.7744
2733.648112,5,2,313532.4224
3185.79282,2,1,334319.1433
2004.097509,5,1,232509.7252
3969.104917,2,2,425424.7901
979.6921391,5,3,145898.5437
838.1200178,1,1,97528.90902
3776.849403,1,3,405223.0277
2729.710923,1,3,303486.936
3597.810784,1,3,390152.0939
2456.723024,1,1,262369.52
1608.80915,1,3,189529.7871
4185.96043,2,1,437933.3526
4097.371455,4,3,453933.2806
3626.134119,5,1,398205.1554
1724.653118,1,3,200027.647
3156.038001,2,2,343093.8107
2124.382536,2,3,246048.859
912.11933,2,3,125083.5566
4627.91109,4,1,490974.6139
1115.683839,5,1,145072.8647
4776.068092,4,3,521374.3511
2507.025978,3,2,282132.0242
