property_size,number_of_bedrooms,number_of_bathrooms,price
-0.1891203907770335,-1.3303136257389898,0.9216501119244593,-88.77868154170247
-0.6533292325737119,-0.4749453111609562,1.7654542402810969,-63.27324050881033
-0.22485598180807856,0.07685188295876821,-0.6500025808234597,-23.684768204477464
0.5705986685931593,-0.6626237589458467,-0.7632591565425169,-7.445265740075282
0.3278795241593574,-0.12545426000290022,0.08589300629333041,-0.7798033581821393
-0.033126972873797095,-0.7309300399419191,1.7945578635177877,-48.279378190788556
-0.5767713305683327,-0.9075636620415979,0.755391225825756,-128.72134594238568
-0.46440426230938764,-0.9811655311396816,0.4620608932518965,-126.11873400884366
1.0035328978920242,-0.07201012158033385,0.36163602504763415,126.87542419930331
0.06447441481012024,0.4865016438262019,-1.9754665663538713,-0.8647678292253165
-0.7449026448064491,-0.16306696394376388,-0.6751782749743815,-106.7275242884832
0.8128621188389601,0.30729952087660933,0.6296288419236122,107.6168810944371
1.0470983026121545,0.22445181855997204,1.6839276914578687,124.58425855899415
0.2801611588196068,-0.02640575695892703,-0.8096035199216461,14.992676806323882
-0.6568942789713957,1.2004139079444254,-1.0469109826819396,-41.04113369234318
0.024510174258942714,-0.7730097838554665,0.49799829124544975,-58.092545223539375
2.1451491277733883,-0.8353470532597573,-1.1875984190295128,135.80769687995956
-0.8463159774657358,1.2637066776546686,0.543479378670093,-6.8228750988181375
2.98525900260341,0.17521141890851205,0.3674816654743044,289.46981540651416
-0.18289644110484016,-0.7280029412291344,1.3748764191481848,-65.26691293110589
0.1848361236948739,0.4933179008808892,-0.8583577801812136,40.20683597067908
-0.32138584165299344,-0.8254971967925115,0.41293145427562433,-133.43746590256856
2.0740826697499735,0.23924686411114954,-0.9193845915864234,201.22952304144295
-0.8571575564162826,0.6256673477650062,-1.0708924980611123,-37.74233264691621
1.5327389130025777,0.5193465142411723,-0.1087601484568576,167.79859658587503
0.822544912103189,-1.0577109289559004,-1.2208436499710222,-16.824890619586526
0.21329370737293857,-1.8936146669537857,0.0012054753622242368,-109.96672138085354
-0.23052462518025083,-0.7179188907476018,1.1797252083607102,-27.52686101564082
-0.2646568332379561,1.4535340771573169,2.720169166589619,127.8718505049466
0.975816719344709,-0.2950899142379063,0.9184544439424138,119.30274557421916
-1.4153707420504142,-0.23458713337514692,-0.42064532276535904,-130.19725874883903
1.5774532797634744,0.24938368371075526,-0.0952955323869521,197.21575029514602
0.742095372009307,-0.6057149230033384,0.2992925804064919,20.20617812041828
1.2179591523055584,0.22054142701386686,-0.513196364513396,154.63577275066703
1.9870611116994412,-0.8798143535020543,-0.5309708978119645,122.049545234661
-0.30372602877666466,-0.6581164890752567,-1.345870923473215,-145.59746442732092
1.4033699701251907,-0.8610879101735704,0.6979032725390276,88.08894374811659
-1.5255251709247388,-1.0700847663261526,-0.6919080698812444,-233.95782393823458
-1.2257656630023412,1.5739867632900328,-1.4643748802098202,-48.12397848559124
1.8820244964750337,0.4714683571359957,1.3454200461549777,269.5039709884129
-1.879924385139045,-1.5859833122379583,1.8709651753717822,-242.50404581432767
0.21539650545628794,0.7682072166317373,0.5082686396745896,73.92947930147659
-0.8848027140269009,-0.4432822511915103,-0.172946059923423,-139.660690733396
0.6453759495851475,0.9715709509543554,1.3686315575323487,197.25141046336708
0.24333944932269183,-0.045586016355497805,-0.24123605785632987,28.838173996664526
0.6969544045107356,-0.29548031802916036,-0.33381948975600995,0.10107965875349834
-0.78489831308224,0.014688194729197093,0.648280433843859,-23.760137801146826
-0.7188323876087304,1.2958717818630143,0.7450053128772811,58.138749069973
0.8141517621182666,1.8325570434792018,0.48206672733538614,246.26424864843864
0.42719436187168486,0.9694572005267368,-0.646227309843803,88.47523122370387
1.2361307218062179,0.9653974845911707,0.08865759096143744,210.5011295933758
0.28872366282502326,0.7324921027798023,-1.6548874362282961,17.151500590451874
-1.1958830620351844,0.3946715298229811,0.4446026682201407,-71.72325726390696
-2.0417348684242906,0.20838280794755248,-0.24717738252059693,-177.02838385888873
-0.7128457826771644,-0.543424771133765,0.10643022769189683,-75.2882433863823
0.6337768809320985,0.3098207102270275,0.41379909745149823,104.79057914557643
-0.39210815313215763,-0.3276621465977682,-1.4635149481321186,-107.13277345762606
-0.8323555731042287,-0.5707462937494763,0.4714155563864041,-122.36486981282394
-1.5558956462036273,0.2337859117907477,0.33088023221445706,-127.32737070551816
3.0788808084552377,0.3112501545435361,1.1195749114345768,343.8743940030834
0.8968393158655319,1.6122206282554243,-0.2685306479058323,226.22615221004946
1.5795721457307124,1.453384477117701,-0.5228600271532683,274.9531935986114
-0.6095122021592831,-0.30522470435466764,-0.186971302985446,-100.98129412346711
0.26105527217988933,0.29612027706457605,0.00511345664246089,56.77530375637876
1.5337277099164992,-0.6292633936927887,-0.5358014630522978,64.29234085544248
0.49097495163825133,1.6073455760199926,0.7348777860498175,210.9011092474908
1.1873860515647512,0.985729995679863,2.589563642018614,300.3095973409187
-0.2176812032272203,-0.20219265243389406,1.09877685198719,-18.91961330283314
-1.3353443587101013,0.17770100093325383,0.3801978510059632,-68.88718163860383
0.29219272832637316,-0.6677795564688862,-0.1873290184063747,-23.613016909670698
-0.57581824064468,-0.5305011476105275,-0.275051697151644,-107.43090421040374
0.5219415656168976,-1.3204566130842763,0.29698467323318606,-61.66853723223255
-0.9093874547947389,0.7910319470430469,1.4027943109360992,46.21638429092737
-0.03703679704841202,-0.6117690909052854,-0.42930222451725997,-94.66146972736642
-0.06418817710849775,-0.19469729611668168,0.09175248444837286,-53.660591800285076
-0.36361221221385587,0.1503017614618776,-0.056945623721067457,-31.370731060077162
1.3175975356079597,0.1684609762696143,-1.0065425652796411,112.00727246382516
1.173473857485325,0.6628812686674127,0.18102155870370695,164.63253227283477
-0.01926037973439464,0.7846042878980238,-0.2628908292082677,40.92452098989412
0.12267031599479553,-0.9533286082587124,1.6246784584695606,-34.227258350259405
-0.6004235657387051,1.4196030045136372,-1.8665399513606162,-19.47782202423191
-0.6176518954343502,0.1973157074055956,-0.31607285602704976,-45.24609012777336
0.8108082731597821,-0.1343087414705478,0.793488720552213,109.44416671527338
-0.9746816702273214,0.6565536086338297,0.787084603742452,-13.121169972840134
-0.17018462252492844,-0.0033744574109520514,-0.4532280493272752,-7.980321264957585
-2.7475048427252347,0.45768658605355206,-0.4997301761516306,-250.77107627880108
-0.01941960588773261,-0.3493167961181975,-0.30317978283427544,-30.549302676936612
-0.5642475986573886,2.5581992856682523,0.18455130319703697,181.4306786328679
0.46217266608194285,-1.5981243518837476,2.0243096232868525,-52.72973629308171
-0.32034730819432017,-0.48388583405432156,0.4241659464019164,-34.381575488180744
-0.19102776260016902,-2.5623336587953105,2.412615421612916,-145.99834932697348
-0.6097829043193822,1.196631486645651,-0.1340171666729177,12.246367361358576
0.08199555641356042,-0.7341737987784958,0.4572804046152411,-26.916193251898616
-0.4561208274741882,-1.2961166642498945,0.18142662011397137,-198.0380467025456
-1.4400508825942944,-1.0962750868952018,1.5945050632249722,-206.65795843338057
-0.5227230205190395,-0.18490213644298903,1.0490092258368893,-81.60961919593288
0.5488838353173644,0.547264797377967,-0.25495579355369785,109.40906222337924
0.24930859564172886,1.0237095461069814,1.0450884740847535,143.4348554515193
1.0240625258114624,1.2083662305931424,0.5925269492011831,203.72086150226
0.9531250453760867,0.8623934723827588,0.513085420097293,177.85377169663417
-0.573700003938579,0.5228354880354996,-0.02435459226098284,-30.29611585007884
-0.49190244750620515,1.2000789564268612,-1.876552706041874,-9.578664482436434
0.514438834058749,0.12029563171189886,0.7116148780888898,85.8138515929684
0.5532512199847837,0.17183933979353122,-1.1755946056248516,50.32057204375846
0.26859227886325693,0.0570131248970845,1.5284684264125317,73.30608159738864
0.05993263026632825,-1.2392583948534726,0.2773769379581917,-102.80488961022252
0.41953244390702776,-0.12094814860778157,-0.8874921778021001,-44.502213529186335
-0.3917581490438219,-0.36682441181468756,-0.9224101844985025,-122.00248536377187
-0.062004009366031745,1.2468917155347194,0.9514492770580866,151.07026015696601
-1.245738778711988,0.21409374413020396,0.173180925851182,-108.04194469440952
-0.3223204692113399,1.6153756894694418,1.2171585208254965,95.21281165276153
-0.39963618561460235,1.7269638512334051,0.22468472575188592,110.12877322196437
0.19584525509768155,-0.7783047254023127,-0.978372777615032,-113.9941068665317
0.7462535660272207,-1.3598561409799192,0.6454841811410754,-37.53080699428441
-0.3839712719523516,-0.9980606273144129,0.2502002062516945,-107.05713530681994
-0.6775646523356551,-1.7258067287905967,1.1941094030473725,-138.84556773824767
0.5752050161065663,0.8903831635197862,0.5006657213812097,147.18312465078824
-0.5245202662797737,-1.1290517712172292,0.48937456122791806,-157.64787446701436
-1.3224579567435701,-1.3510743662080213,0.4818660617184915,-222.59802914273462
1.0760071385985983,-0.796025856803489,0.02131164867194222,61.200476305129826
-1.251113576385303,0.326133022242118,0.924027019206901,-78.082691593106
-1.0676204293825944,0.6228499323474987,-0.1423794850212935,-67.78652976902218
-1.008554684076208,-0.5388418561927383,-1.962625691672579,-210.9330521851306
1.42274813609994,-0.13427916218630415,0.9262154022415924,198.88935065914245
-1.8707919210258557,-1.008086310917404,-0.35151348404130867,-289.586048660432
0.16476084123651674,-1.46752526575244,0.05088770185601806,-98.19590207295595
-1.0128311203344238,-0.5622875292409727,0.3142473325952739,-143.52808046383143
1.52100622715938,0.46667098196608103,-0.9489165208248372,164.70848320304316
1.0318445394686349,0.19655477651157463,-1.485560373036972,113.70254239362602
0.01914777741575206,0.42588720619303577,-0.6414869090443096,-13.012510525184009
-1.570500603623177,0.918316606002313,-0.9896281365703375,-101.28341344979489
-1.1894118928673278,1.1254347844147694,1.6426729532559634,-0.7502062963244143
-1.7025836042378404,0.40825275571447184,1.0291556373256436,-118.22792540143317
0.5885784044206096,-0.5805234498047227,1.6699045043514062,37.93646157380688
-0.5698329282387588,-0.4242363333980435,0.32950873557300914,-119.75882706978969
0.3891591956679287,0.3721054726068629,-0.053120653017545344,45.163749106471315
-0.9958153947902291,-0.4081008391602206,0.651136241823657,-103.77692475046526
-0.8392096673390064,-0.3649527295428853,-1.0448091940210336,-119.2835905326987
0.8925973382993092,-1.9701038177118355,-1.2111719292807812,-95.38160625951272
-0.0007085945766459172,-0.31305803052315434,-1.2504077339697175,-40.238684860345366
0.03793783544760203,-0.7632861041785816,0.6833289928110694,-51.08788487998541
2.056207129940322,-1.9663565893760018,-1.1032083657216831,16.14088780026436
-0.24125765461854246,0.40981865692851255,0.6725737012027313,44.340884172361676
0.2531652380379812,-0.6315777291653314,0.820344012612456,4.250743804740727
-0.4263575962055433,-0.7517910500951843,1.1484457091967548,-68.3945717842995
1.4524675344707454,-0.4532484090230134,0.32674476460232005,94.66883746429468
1.1055259329579838,1.050654396007612,1.1870303055603801,203.22534621606306
-1.0121043752601675,-0.42688106994742003,-1.6548566718657693,-191.95447049837892
-1.3260476860820383,-0.35976864578908574,-0.413465161123276,-178.31380340184015
-0.23681860674000887,-0.7728252145375718,-0.48536354782910346,-92.0995296004278
0.22391413406466143,0.5524899544171478,1.3641404299738442,118.7591707481664
-1.0675329142542729,2.062524919243145,0.02421945667275807,32.069201477194554
0.883109777147159,-1.563190808696657,-0.07783719701280203,-77.7970240006859
-0.5511857163285334,0.7783610761666377,-0.8181988834223072,0.683445141196021
0.20726732939894396,-1.0039573720814985,0.06934433703625043,-58.30964324610828
-1.308820399119112,1.360658595838651,-3.0195121558208253,-78.82609275292234
-0.6124373746404379,0.2871241652018242,0.36150352520610163,-4.329977903948478
0.9854496856152184,1.5781180575621845,0.8691545924968965,241.36047560566553
0.6592456684324051,-0.8170886310681906,0.9375701376265584,37.79734580269322
-0.12038116395359824,1.1070806692869728,-2.172669546014036,33.971338888698284
-2.0038623644067535,-0.26451484131061076,0.6354180302092264,-194.21189258505672
-2.3629324355418384,0.9039348410861953,-1.0097307047099375,-190.29495935185244
1.8861859012105302,0.4040508568145384,0.17457781283183896,212.85683328022773
-0.987179527151184,-0.21113023882769444,-0.13125696709230472,-123.32290106316127
0.007063158628176452,0.04977368718096008,-0.6603211394734471,-38.89260872687278
-0.11622904312195817,0.2522403964266774,0.21471318317052634,18.6619102154803
-1.1376856704248166,0.6515219913395057,-0.20149153394751798,-54.33011108036067
0.11351734525124804,-0.3853135968617602,0.6621306745210467,-56.47502410255112
1.8005111815108537,0.18384954475369486,1.2389463529394373,247.34109385968858
-0.46580556911816284,1.5730197252148563,-0.15083771156669531,117.85729715966743
-1.1033666061738736,0.5079913269125437,-2.152890592952483,-92.2505871295133
0.41486550036191044,0.8539759765522237,0.4632885301181062,144.62746377162523
-1.3230897934074983,-0.6389617476895022,1.642015160136369,-162.16578965867114
-0.47383934707091613,0.4240610444640897,-0.014452270878279104,20.18898288014774
-0.2030453860429927,0.57707212718054,0.37114587337130883,52.14002556840525
-0.6122367345077503,-0.33130838318332273,-1.085150526557798,-123.12948754632548
-0.5535882417079946,1.6777008140764407,0.5689830791852754,83.55122698837636
-0.5069431753711298,0.24496657110872277,-0.4710383056183228,-48.5928313481702
0.2811914239693758,0.7589285897867651,0.10420110395187607,112.41684145477096
0.02975613949574519,0.028318376130461172,0.9382838059759977,27.2966786133859
0.6255080168310357,-2.100026507651624,0.885231482988991,-91.80845730483024
0.42961821913258585,-1.6609609335159914,0.20768768716311115,-85.29197548711605
0.06752820468792384,-0.22577630048653566,-1.4247481862134568,-53.51821753626417
1.4313667818311835,0.33385996656853467,1.0817667276728287,210.17574496206961
-1.6694052811213718,0.751387123371789,0.543360192379935,-105.75866340234037
1.5007597906343109,-0.4281151609659125,0.8502217421134929,115.05979536396516
0.5514762752395233,0.271495310825648,0.3405892164004968,67.49612777569021
0.6124687940136023,0.756788679986982,-1.0166831285764972,84.28382548923696
-1.3698029795790778,-0.5574917850078336,-0.08828204835125482,-160.7626433307057
-0.429405541125253,0.12522450264790727,0.12229750303228377,-44.22131872373177
0.8595878869798019,-0.5495571359085801,-0.3871306497895146,37.56851641886387
0.35845361820962024,-0.5353350870162231,-0.7309562757154733,-15.781464154199568
1.8124485579969287,-0.6269670577877674,0.7077519354554754,123.95973810949663
0.6696725488300385,-1.3044695005048532,0.36659824609684827,-43.23222456920852
-0.2515388860444957,0.7833905092825955,-0.5975101946916416,46.651505646345456
-0.3492577043184288,-0.3486521344078592,-0.3216350512173826,-73.01020905457325
-0.6897277740641738,-0.01383774609423725,-0.493122822399772,-55.48167912827684
-0.12853751143893075,-0.2081168572725397,-1.881849045497639,-63.36445444223813
-0.36927713924620315,0.26125053123385605,0.14338846734225108,7.1123303186286915
-0.6706202090766449,1.0005823180429783,1.3924653000643288,63.3139678178396
0.23878915902651351,1.0302834540318422,-0.2590421458207031,97.48569257264711
1.1172958315881276,-0.0821511783925688,0.34272534637770413,102.87610552660962
-0.2561797524953801,-0.28487549336967083,-0.24149744587077882,-73.40517183088338
-1.2032008553891445,-0.6497652268482671,-1.042044412243103,-165.30460160531243
0.8187776437548606,-1.1482632887526183,1.5379319184125528,27.827697247072813
1.5805406865683735,1.1401490385212665,-1.0150941918278686,222.93449808151613
-0.3011036955892888,-0.11564828238824053,-1.4785219903674274,-120.76326412185952
1.4769344261182744,-1.5166425494207911,-1.167779551267935,-5.299758751543315
0.5697672802322039,0.4567532191537839,0.44770856001731496,70.30011771243248
-0.1590452104000513,2.218780233448134,0.29562448874709507,162.26631927292348
-0.6163614080394775,-1.2601647651725802,-0.375196380323937,-173.23626120597157
0.6487098875896427,1.3821589910375272,-0.16711808031685435,194.00751564152137
-1.3659557112005343,0.6835693232004776,1.2119439853864005,-47.232059609573064
0.6585442726728304,0.334456789987025,2.0102045387663496,127.52048894606497
0.4919191715065057,-0.898414671348358,-1.3202332070206422,-63.10423604275769
0.6220699903060487,-1.3122191934314063,1.3289333195354096,-16.80241107943383
0.17958178193959795,0.513907849658915,0.3506300992735592,51.01924943847533
-1.5486182988637467,-0.1767741631157821,-0.4911537471421047,-192.63209776533552
-0.9175028210142636,-1.1225448062444139,1.0176614668435024,-168.50873842973508
0.15175799224874037,-0.31984752325484395,-0.835142901630023,-64.01556676904701
-2.9213504834946074,-1.072139011985607,0.4365598041576678,-383.79984670892657
0.22530792204094158,-0.17435425790283585,-0.3695269288333586,-19.07135105996564
-0.600638689918805,0.37569801834567196,-0.2916937497932768,-22.827517521977715
-1.0858251288851855,-1.0872459388628026,0.6793732829565033,-189.6526549517733
0.6329318177555108,-0.5522230442809712,0.2029230208512997,34.477849972907364
-0.9186865114860944,0.5555126463422483,-0.4173668136050844,-64.57663396467227
0.647195939702741,0.39922312260527926,-0.483186462299374,95.76991026614628
-1.6009039784765156,1.4898634386020821,-0.828497024780246,-82.0581163339051
0.11092258970986608,-0.5443827245251827,-1.1509935774223028,-91.87744086197331
-0.05489400061628639,0.22323891412915967,0.28555407485765694,34.638952335911064
0.41343490322370086,1.355637858804951,1.876795812558066,235.72365054980787
0.8294055811834892,-0.21910052880886424,-2.211135309007885,-16.611201175639927
0.8723206367206782,-0.7673475628880495,0.18334200573835174,25.609192578711568
-0.08059974929676088,-1.7762463334664518,-0.8330560570007587,-177.919167329649
0.13653533108273744,2.013387247526623,-0.3653215513121087,174.51084093573974
1.281016361735113,-0.4473218956587512,0.0678555105274033,63.19585319576821
1.3404504460231446,0.31917451041918043,-1.8751724696457446,136.02005917143498
2.270692857804396,0.6327818661062848,0.18186625505849516,291.9733104501862
-0.6237689606958051,-1.0534155631736561,1.9140313538667861,-102.68496369821716
0.7109599682034915,-0.3748208075495975,0.44426331148603976,64.97440885289706
-0.5662977296027719,-0.9905363251306883,0.09965136508764122,-136.90674348367963
0.5087250232299338,0.2671266510114834,-1.5811907020321334,40.441941729702684
1.205994516546816,-1.6304732437151401,0.7774073527645112,-24.612719133281047
-0.4516594761596227,-0.0739475656083926,0.19502498402812674,-60.2535680497261
1.044160877069072,-0.48943944251822213,0.6818914896263114,74.6768626604255
-0.20902325728602528,-1.2242982362893657,-0.8505204542093001,-163.12806714580958
0.7716987106483447,-0.37061433208610595,-2.8485426206300755,-51.90710319612785
1.0599363840466218,-0.3920126399191296,0.6170059495766975,82.1507978046833
1.6764373122752827,0.0184183791895517,0.32692737376416264,202.91479380086616
0.241321934916781,-0.29660745906979835,-1.151014083619507,-41.817838290117564
0.14294309476370676,-1.1939250063990554,1.732514999485092,-48.73105242418464
-0.3933388123273607,0.3686733088729012,0.028744822934817487,-18.995254459503577
-0.8972543714858315,-0.012246772846914623,0.07580455819372633,-101.5857041689232
0.4591800792284367,0.8339221545489041,-0.07016571145864703,113.84354484512752
0.7318707042882956,-0.3294477863470914,0.3350580290841175,59.65956381647624
-0.966976143129213,0.42545756178496474,-0.047711356141979855,-59.80792032695888
2.0752608726252655,0.19759960469239965,-0.6891878180895679,207.17451832865115
-0.7832532923362371,1.5499344050175394,-0.3220615162056756,23.35797819302018
-0.020901593964148132,0.6103702654334648,0.117327383308782,27.387974081492484
1.5039929885826886,-0.2549772174208553,-2.650969808393012,76.57320568476956
1.2557561255735208,-0.4787486216634773,-0.8946073022195039,38.330886811818814
-0.18565897666381712,-0.47917423784528995,-1.1063349740060282,-87.58657618859112
-1.244654703311417,-0.773789199103573,-1.7787202489042786,-268.6830072848013
-0.6226995198205938,0.28099186773503265,-0.20812225035727522,-48.15821009329436
1.4765403497258958,-1.5763921569842494,1.3800913541474515,48.88773315737787
-0.5017570435845365,-0.8084936028931876,0.9154021177020741,-107.61965570324075
-2.1533429198712444,-0.5260348426675804,1.0971527117536957,-259.6640150114836
0.4746982328799528,1.085895565831578,-0.025026958745143917,141.4633398671223
-0.07443342910004629,-0.24751863555150475,0.620672097550678,9.263606576376542
2.4929995174327906,0.3885786045309641,-0.006070911539893324,279.4929981738653
0.1704162223754877,-0.38817681854122876,0.1605739810498646,-9.814701909374786
0.9592708260852069,1.4511436077950417,2.1531824575115563,257.1955037914386
-1.0710536796490489,1.235782191822154,0.6802161054504494,42.60797700739513
-0.4465149520670211,-1.5148472246858646,0.8563987943234723,-159.29389490068957
1.1267051368275833,1.0325462043416573,-1.0909664302151982,182.23088473402282
-1.6074832345612275,1.307142754282428,0.1846338585323042,-36.54306216006204
1.9647251329163893,-1.1978778925888485,0.03526355197172861,83.88407105028924
1.246085192497629,1.0915068519224618,-2.0733902324081495,142.7698103151065
-1.3459796802467485,0.8712972974572442,0.12637957954641182,-56.48448082835183
-0.10594835430413566,-0.46531045678005334,2.6443433470170348,-10.015443252099459
-0.027514905050636255,-2.8722622132816493,1.772251596669744,-170.291697510962
-0.42098448082026296,0.39445214237829684,0.2897748568964129,-9.09653892881243
0.4738329209117875,1.8657745111447566,-1.1913034972026486,176.49444732814496
0.33417641724489744,-1.2417605754816243,-0.15525904882474875,-89.35074564100333
-0.3091164642025014,0.1920491164900316,0.1335409047822823,-14.711071389702711
-1.2946814757209058,-1.1196698946261439,1.1608267873785194,-200.4501230351326
0.5581395145185063,0.04351466864346608,-2.529560077694303,-9.714351924070463
0.9843223984765838,-0.998354040738791,-0.21398884422550896,-3.620308262811438
-2.0674421000398766,-0.03269474809409311,-0.08912003951278841,-213.7181941232988
0.6897078052451944,-1.2922626951056186,-0.5029747705513431,-22.108842494031997
-0.07160125941406395,-0.19634984908497827,-0.03722223650984159,-33.97205681572095
-0.6905410523162594,-0.7837656655863965,-0.9161919154812425,-140.07266330376652
0.5522999376795232,-1.232523314768509,0.6256309336460009,-63.74077386384516
-0.23415337472333597,1.5230298564080254,-0.23413695694918055,104.59928045008294
-0.04865235157045115,0.34378788154988543,0.03279699541158651,6.389314521471924
-0.5893647569442115,-0.4930009346588328,0.8496020970210246,-77.98242745704152
-1.081548003614395,-0.6465728842425266,1.6871416350725648,-110.46154263457494
-0.21701705042437042,-1.2585049106753345,-0.3084827884558197,-139.13810654631814
-0.37144086599579146,-0.34268759408034877,-1.4075116947178212,-86.56170858585176
0.7746340534293368,0.44381942814622843,-0.926930471578083,83.81547955386972
-0.5353281859539227,0.8474216771504216,-0.09053328230416077,-35.838888365597754
-0.649373038321426,-0.181224173218103,1.321304032273012,-32.00115983807838
-0.9983854391882915,0.46877425607502377,0.30179189981946597,-19.997694273098137
0.01259240078179486,0.22409248181041677,0.09767609854883172,14.649022124610594
-0.21804589539237385,1.80930634973311,-0.8476339286190848,99.75348660074927
0.6339190223180112,2.1439440893253257,-2.025142586657607,225.09357778283095
0.6659242520544614,0.49774308909139425,0.4215866106144557,105.94388913101662
0.34758170536167105,0.01843393306539316,-0.5397596803093615,50.54606312749368
0.2237879516388985,-0.5176112990361714,-0.016422896072752075,-48.5724884718555
-1.8206033005485172,-0.5703513664136806,0.2700573583914221,-188.59197720120747
-0.5172884501003722,1.0654803750653512,1.40934744018558,48.04113408074497
0.5562300094006599,1.328194141849058,0.45588777208160763,160.73818622945666
-1.0021874557814727,0.04091917539572113,0.7408243454201259,-103.69317155649902
0.24650477843200488,-1.111457956937032,0.49822174849678513,-76.57152661566396
-1.0041407667520679,-0.9186519464841982,-0.7677975651041284,-188.17252014313385
0.4547409121411344,-0.03361256470371301,-0.5164296438875717,34.506326111408285
-0.8058700664961888,-1.6834381922209503,0.9648516330974576,-184.398881740392
0.2658782296520485,-0.4700421477595015,-0.4367197360405955,-23.72867367628281
0.8294748419317485,-0.9399031011088647,-0.19382613877280352,-8.927693494340916
-0.3152692446403456,0.651391251305798,0.7589692204932674,10.504356477057605
0.25373966149457344,-1.5029703283951532,0.4676931717654332,-109.09216782847753
-1.2477831819648495,-0.2525681513931603,1.6324113039316352,-86.37298106212978
-1.830632896856457,-0.6540756831274238,0.5112025995249807,-232.91945714618566
0.9504238381860503,1.8761708392158862,-0.5769036556624031,230.47926413562593
0.5863640187550933,-0.5286166817497568,1.2382830714336357,13.795369712811208
-0.6881503451777238,1.0098170893426341,2.2524358053443088,66.30869034433621
-2.151815401329305,-0.8911922254152874,-0.7191533192424201,-310.56370148090366
-1.4358621511794394,1.4412732890661155,1.1631637521549596,20.07365293202166
0.5296927543567308,0.056649924897107164,-0.07049877805909122,80.2898049671782
-1.4848979684499035,0.9495541354413237,-2.553921134901955,-161.5046545434879
0.3673655068161781,-0.22647889190152676,0.9135846262332494,48.10773436010544
-0.9273531341905741,1.1618783026081905,0.23836898273478513,26.638815726693398
0.019616657693989903,0.4384757388097273,0.6728612359668199,55.77934892634538
0.18383451632250436,0.3011073391917421,2.6930336639804966,129.62310391874703
-0.25885440036983165,1.223083067095325,0.35250496835687956,106.15711505372036
0.570612997219531,0.34005129456889044,0.9681846605328611,79.584581133243
-0.9096834169818336,-0.031058932870901952,-0.936506374789596,-122.91361881743634
-0.742484232538384,1.341475915530881,-0.4853058353678683,35.62990605771116
0.8836599374866724,-0.17262729994081963,0.6523228784134196,82.23551949591705
1.3149144535840473,1.6122782579886454,1.639964529371393,314.37071562197264
0.4395012306202264,-1.100154232971695,0.7789365035121141,-36.962185224430186
0.9686449905328892,0.09707754934804039,-0.7020530938773524,93.20584645131622
-0.45709625658627184,1.66125921454787,-0.6022120603617805,64.33668927302476
0.08182935854756501,0.8384907744516419,-0.09888965319114267,62.33985666860904
-1.8019804375800197,-1.1701130260593595,0.541462728204788,-236.9199845219116
-1.4480843414973241,0.2320499373576363,-1.4074637743765552,-166.74757435418852
0.5010941699398452,0.9751976297824297,0.1895816165987434,122.60833275014679
0.02538842054241018,-0.04541121793223822,-1.9196731561976563,-62.05638830878213
-0.02730453950993186,-0.15852957302697002,-0.933267959073196,-37.25383044496289
-0.06717829004935526,-0.8318222082304447,-0.7157599891107518,-67.28772938790601
0.46926758980852623,0.3161559571827783,-1.5355721232071058,30.131850673928263
0.5987943895619102,-0.006521315229458062,0.6683404887180808,71.44693701000278
-0.6734906242438685,1.2477420726737338,0.27899416222380197,46.611002554487385
-1.86653661707306,-0.7168223206028049,-0.08268068584269925,-262.3723553270854
-0.977555244798551,0.5009171876243808,0.09933230542922587,-21.20172988662197
0.7479102561175338,-1.9792998103757877,-1.0727430257398065,-114.15909413004192
1.5334337012963255,-2.211861911329507,-1.423957152450145,-57.04198462832682
0.6929186230316111,-1.3386057997232488,-0.6058608207588934,-46.03019141151493
0.5345056484805503,-0.18319661872038787,0.8876554258738361,28.11101416936119
0.19729226563120644,0.4631847952675847,0.3113086734428849,113.69594749977438
1.3883377782084478,-0.5262478565174211,-0.38502181171286365,89.75801770342987
1.484116028535965,0.47240627788037737,0.35561334878566,226.9095613049353
0.09612077694098337,-0.5160447282173739,-0.4622752887050425,-39.748676170922636
1.7952113559123222,-0.3206676255571917,0.23007075919140207,162.05924298998895
0.7083564472993533,-1.0212328171307132,0.24380071377119883,13.104464543020725
-0.015309849172995557,0.18335991977915564,0.5792914996010884,39.63359277024002
-0.6353623888256293,0.6197114459661363,-1.1896666590903613,-47.92682102530751
0.681359510442948,-1.1022921498364233,0.4086073077017676,4.445963529295733
0.5159392177040995,0.06699071722487192,-1.5625458568865427,10.65237300844039
-0.49163618563204736,0.20965941527462578,0.8071225966373103,0.8358283611464987
0.0064222698109378164,0.5462842480036996,-0.4363858905265686,34.4705721160862
-0.5289777080640152,-0.6085897232397004,-1.0565576427602528,-121.70091648680112
1.695051040430753,0.043602446372453724,-0.622649361734452,139.61924673552423
-1.1062935124116342,1.1356201471829441,-0.8245141615276735,-62.73369802258168
-0.13014305436768459,0.3241663524884421,0.09699596499271819,41.90633118234004
-2.296180953137238,-1.4438548161335418,-0.5505368494915835,-348.8938489163856
0.812525822394198,-1.1962066240806708,1.356240028570823,0.16931634168846443
0.7796605322693398,-0.30803428418574125,1.3103087461196083,83.58354984089947
1.0786808334312956,-0.45888426286894,-0.03850846950070721,83.7033505243771
0.132969674146876,-1.0265152994110602,-0.7001208149391732,-97.12854910031136
-0.883857436201133,0.3853173797288368,0.1537251059455279,-58.38634203557889
-0.03143917037477642,-0.9266983088473107,-0.8484286341908146,-82.00553146664359
0.6795977489346758,-0.7153037092599682,-0.7303666317171367,18.60180828564367
-0.7257438131534656,0.517659020469123,0.18676676447707832,8.294695299515393
0.5866938014752747,-0.25890497370407733,-0.47490365662252443,6.011699841737485
-0.535235211560568,1.0495527153193351,1.3173940656343257,84.22257952524372
-0.6078752606758179,-0.8372624310497003,-0.5391227031489786,-153.3301968544562
-1.7101683926566256,0.3078017688920592,-1.348185422105713,-176.49648193619032
-0.20585943088034037,-0.19646658342809717,-0.7465783465402389,-23.295093061040774
0.889630795623437,0.26705026586925884,0.08228398927542419,134.8029645936673
0.10855970577652314,-1.1437262073206618,-0.0332299906444608,-106.48005011589727
0.213979910734222,-0.6997255079925856,-0.11232804969082982,-25.612621450238898
1.7553408424432044,2.060747924881987,-0.2489641484790735,314.51629480268883
1.3993554365860021,0.5725827813561586,0.9246336829127688,208.1363339837109
0.19109906801990334,1.2784518626072987,0.04643654815614881,144.96660425806635
-0.1681438185847896,-0.620847598251116,-0.47209057769712737,-92.39372005153504
-0.5621680265783021,1.395683810789956,-0.20922187374452778,61.88295292113682
-0.6056155397368641,1.0399046873960764,1.8260097135469362,68.78763104499099
0.82206015999449,0.4127809269364983,1.8967929826539474,191.5021331067603
-0.7982972445384537,-0.1769472274940494,-1.3793192280145272,-100.4573714590743
0.34233783448962146,-0.33513778117145177,1.5541604207147741,39.93601878857029
-1.0917008761393143,0.6687416555925126,-0.387099702474401,-42.0777481200423
0.638391925608383,-0.9006207346478687,-0.3286184757489846,-18.026077384386273
-1.3118362323501596,0.010352619843380607,-1.0651136630753726,-133.0089086983605
0.12810441491078928,-1.4307751021180481,-0.6810516574748808,-127.03136516588953
0.058022734808395225,-0.04282338131157488,0.8484308822052846,12.148727245796977
-0.5302576183724408,0.5040465155178444,-0.7928728322623442,-42.44966248669709
0.54711911517521,0.02246589281204638,-1.1808128153088449,4.5382425530540935
0.36139560550841393,-0.6451197546051243,1.5380365664659692,21.37211097786843
-0.7424705856980482,0.1946074552372427,-1.3200225112207058,-87.37051500211085
0.07203686128374476,0.6021183203924835,-0.21220896990115168,61.01025962646353
-1.1254890472983765,0.2799686263198203,2.4457519796168263,-1.3760816029808964
0.23321613126350166,0.7082144232565571,0.9531366339132451,105.6766500451375
-0.46603650186824225,-0.14760258629866868,-1.5947030672667954,-133.37511590034657
1.2619215007139917,-1.7730324682068814,-0.9057323008626189,-24.761298029403342
-1.5537587660160643,-1.0718572330401555,0.8178896580250287,-207.17709333102843
-1.594427658794367,1.2378163119734618,-0.5993750229537729,-50.94983802552737
0.29307247329868125,0.23225369716100355,-0.7143514180263678,52.16830324403067
-1.3719011429313563,1.7117084801423434,-1.6135613978767411,-31.991164784576437
-0.877982586756561,-0.20367375017696587,-0.82688035403986,-118.84382515272056
0.09798315347089544,1.0857863249393471,0.3080505395041023,106.0736732539111
-1.5341141707356223,-1.1246420918378692,1.277676821898509,-211.2792421256079
2.006092888159123,1.5421099525678756,2.061503576636398,349.2260788950524
-1.1057046684859357,-0.4108142879545848,-0.21492103028873533,-126.88113382063722
0.30263546523903323,-1.146345393018688,-0.7542758500193579,-99.2619333689836
-0.30917212346863937,-0.4344962274323156,0.22213377163371284,-47.162015849507384
-0.4500128579958137,-1.1300693390403578,1.2571492168625729,-86.53491119876477
-0.08836295920533532,-0.10960980392583083,-0.3700110298821277,-56.49189272455392
-1.6275424378831627,-1.804882100664519,0.048084946661381994,-329.36021278911835
-0.6002168771587947,0.19905969557347003,0.06980208499001891,6.07912696364086
-1.0016200098949155,-0.6819842479977986,-0.2811002928859549,-187.06038325095443
-1.142970297830623,0.058208718445999896,0.3577873603482833,-122.35952838753317
1.472670675750982,0.8760467925297942,-0.6039806259692295,250.5883169479697
0.40865281148067084,-1.77623523289832,-1.0293715081820716,-146.40892778308978
1.7275431701007113,2.1422703586118637,0.4363236696740321,383.96491939873806
0.3904648499288896,-0.13737178839939665,-0.10322175293249623,60.607986723753115
0.7674347291529088,1.5792128155073915,-0.4694743859349521,183.97369479536542
-0.23086637384476896,0.7215625051261435,1.4532606633210343,82.34909044958923
0.8451579711843216,-0.2788833941507565,-0.04889718347410554,68.50262578414736
-0.409282438113104,-0.6947131310890582,-0.5240883979345925,-117.7578935603999
-0.4523063192490767,-1.889540730945531,-2.4238793266289567,-274.9766383353257
-0.8184286659420014,1.5634133588321082,1.532367724678116,108.63350458202642
-0.7991920066502536,-0.6459641791245353,-0.4827435221820324,-196.57033964684564
-0.025574312191994436,-0.5089636257074988,-1.7690759048891183,-53.993723276909854
-1.9937356425714554,0.8335289616089246,0.37405656984757213,-127.995226552279
-0.22859991534001858,-0.5132135664715852,-0.9943493746085122,-74.45784286089025
1.513449743242131,-0.12174750838328353,0.6308116845547775,129.02668570491488
-1.2803043986708944,-0.5640786307367284,0.8724573282801447,-133.06018957431806
-0.026521259249060063,1.0701502383164274,-0.8818746512277178,49.805494515225426
-0.16882172319001063,-0.1044492185374715,0.07005216311318138,-20.450509040639098
0.5820265670847269,-0.6967718184295749,0.26044226333355597,21.839672257924008
-1.0025293646378088,-0.01901620790268883,-0.01851313599238993,-117.45258497388241
-0.2523535021262876,0.3230792731160291,-0.2918112689155441,16.907647530481796
0.26912694124510733,-0.3916485674217911,-0.3431922754974105,-29.08066436588724
-1.251539424190444,0.3520553965142968,1.4437646040732595,-27.99385101422568
0.7604146561442974,-1.5839028234857233,0.7858001586508322,-51.54973169662796
0.4283070972076486,-1.0623935281468797,-0.18714426500454878,-37.418313474473905
-1.0003313246055747,1.9389289990582848,-0.6777449705248515,35.55742914935945
0.6901439917111125,0.40171172209894146,-0.40122047188583626,97.23864428761233
-0.32267983884213575,1.5013336519554867,-0.25083301645504735,88.4513174547368
2.3146585666735087,0.08187413938632256,-1.867265192591748,180.75954806887927
-1.366878698415421,0.9343199112392737,-0.22476540189268354,-53.67514849648135
-0.810252437014381,-0.7345915767980492,0.20056919723094285,-131.48437431401786
-0.4937565831613125,0.99626681944714,-1.556581898659751,-3.055296790969919
0.8691560643892732,-1.2376624223272978,0.8872908372667421,-7.64966600114416
-1.091933900395313,0.8545252270666157,0.8902475008365087,-17.03703381563826
-0.2860042218801108,-2.5302875227463297,1.100959634998571,-179.87790534543336
1.904136589573007,-0.29983819627488056,1.6259589153620633,222.24195511984138
-1.0325239035275395,0.9413105807674833,0.39792704994680894,-22.73505350173709
-0.29967664800678706,-1.4485914146335441,-0.05020461704174478,-152.2824184950248
1.3538723741654128,-1.7131345290908775,-0.11453984525261789,-23.60645068106211
0.6819529712949639,0.02100384163275905,-0.31026675659345604,54.01003074636042
1.0715431522348857,1.6999573745763805,0.19063559126502433,240.12119813332225
0.39580353343740904,-0.6255627015095294,0.4940301862827388,15.865046069438423
0.2544208433012131,1.1677820616598074,0.3376026620752022,139.7319174647876
0.9321915642603847,1.7473631979155582,-0.23655528721894603,231.08976337021562
-0.13826430117118466,0.4967141530112327,0.6476885381006925,42.56785290498986
0.6962063648134184,-0.23093453020867796,1.8489560949453452,115.61350147065335
1.0213832954293984,-0.5647740041709423,2.088442772869925,87.95051410509788
1.5615111967268527,1.301741289398798,0.032004149065766624,250.23024747552446
-0.5312142946075985,0.1941076309533577,0.48387665118803974,-25.536378017003813
-0.42924442029866183,-0.2666523292344148,0.5885532697707198,-58.463773855757935
-1.0372461543264564,0.5389100436846587,-0.1903386780836082,-48.553558668822795
1.3757068133116195,-0.29756350335999193,-0.15005558703252672,71.11602335541414
-1.243863235391285,1.7495767431869393,-0.6929051977959073,-20.07758195699605
-0.30777823495300083,2.16325472330546,0.21915032766393897,119.88094901164291
-1.4382779783173667,0.11327041053776446,0.9192289345752035,-56.92256556825843
-0.24903603955637832,1.6449677135012837,0.5765569630557664,86.5139159292386
0.24395319790850026,0.1733416643704082,-0.22320225463480511,5.025325499094411
0.8004095252276823,0.43192254467394064,0.7542913298135743,134.2576928231515
-1.4084612963635597,-0.7043436905427592,-1.5566291735239037,-240.8006280931454
-0.039307287627631186,-0.2440804736742013,-0.1344967844017327,-85.34035110128603
1.9925153531681183,1.7193779062072967,-0.7666565877833479,314.1589226759265
-0.8036745679697308,2.5797093376543185,1.6391168054440675,183.39758013459343
-0.6067002947652967,-2.246889333984605,0.21128369227947272,-265.8177491780062
0.43693816974634986,0.0030460201534144695,1.1906462747863413,85.67868361257474
0.26402008133367,0.1998104337187135,1.2723535001067678,82.49107769941476
0.9873345165891019,0.4663583744463345,-0.07595102364252276,122.0857449897662
1.5111549302473475,-0.12754912037753421,-1.4511756900515589,101.18449851892993
-1.5151910621985523,-2.301921164735585,1.3668742674445247,-315.15273028771225
0.19808476076785494,-0.024125087110003277,-0.14436041192394247,32.105433844083706
-0.6013676439512137,-1.3340254949182044,0.31978193414253697,-175.9009660489244
2.439752406339273,1.0225704320096403,1.3842728185105182,361.24936191185606
1.4926885689595217,-0.8031789506803448,-0.2711236010425688,79.65622396309992
-0.8022772692216189,-0.3427145165267695,-0.16128571166600914,-111.69353392471996
0.047398671316414016,-0.6518361078021592,-0.8604133652839524,-77.29921582913528
-1.2932729578711637,0.7197579421481819,-0.9564363768180087,-91.42199586282119
0.0036956718478473255,1.9625871905307948,1.0114630354083562,190.50610372466207
0.7223813578277714,-0.43745830032341043,-0.372833152091767,19.08444340585988
1.4872461553359273,0.6820520657126199,-0.580053241370043,190.32881941855794
3.1377485336599937,-2.1356742139786955,1.0560568090660518,153.63829061381324
-0.09833962679474989,-1.6929568141953855,-0.9885911071509175,-210.87334148386344
-1.7684393655628516,0.14088624691120394,0.32316771418478146,-184.55716351697347
0.06023020994102644,-0.026513875449216878,2.463242112485286,61.468027045765794
-0.22648409884983192,0.5820977034686158,-0.9594392367234797,-6.497260734368227
0.7083038472010638,1.188913371474643,0.3514482075415829,195.93085219693785
-0.7563507452843033,0.2034636358672231,-1.4222537095976742,-142.07062357469488
0.006799844559997769,2.0236062192296393,-0.19003903500149447,189.40049970378763
-0.1973384203073261,0.08958068125524882,-0.1512732836535117,-7.539107685692358
-1.2002964070557762,0.8657551941701215,-0.3345012358409484,-65.91277170315034
-1.9875689146008928,0.0917607765355023,-0.21967188783751193,-183.9932428201882
-0.5956612940434921,-0.6537663386488198,1.3744380931708173,-88.16293618243446
-0.5915713888358299,1.277664895788425,0.5470973811700379,87.56246123178371
-0.15178509503558332,-1.9520877995225019,0.5883172064845765,-194.7694014147224
0.9640871682883573,-0.24415663529064868,1.1894704889246406,154.61310136234496
-1.2308643164339552,0.8135172173696698,0.22745993460412942,-44.95475761199829
-1.2295495944524168,1.9583474542205939,0.4966992232365217,38.44605166567429
0.12354769595558233,-0.5923559556520536,1.9541574337502863,38.26984844931954
1.5490201514951873,0.1018562952619867,-1.2391070756539009,127.30157293580875
1.3291525301324314,0.6427227598675439,0.19652116970147013,209.36148409840112
0.06428001909546277,1.088950596967366,-1.0777447779293061,96.08240502236957
-0.38851845308888583,-0.018708756445897416,1.1241127199860135,-33.24316045972184
-0.684629825760004,1.0075136898369221,0.7906255991627686,27.508777452963727
-1.2096410186912054,1.2276689924732922,1.6725723868377034,77.640461789135
-0.4397310582741749,-0.18687164416135904,1.4469778843537329,3.2755227228160244
-1.2767485758203094,0.27157883719537346,-1.0810565404082624,-107.76875636645104
-0.949398888831943,1.0536417966078395,2.632382064837391,61.25141856141544
1.5475052013300616,-1.515744114997232,1.7958776730955217,130.0607668298524
-0.6469367777055739,0.05963036992017413,0.6982233136135899,-57.371766924437466
-0.5112156764311852,1.593186626639397,-0.9896048202585809,83.85360030785053
-0.9077561801469204,0.9022771737866472,1.5192839236417688,10.984344424365455
-0.2573765374233451,-1.0227925651984056,-1.6685840738775894,-109.10296930213843
-1.1790397911598025,0.324359281721603,1.1876793884615637,-63.12707741116759
0.5972282182533848,-0.8950698422766047,-0.9483480042242007,-8.978238098349749
-0.7519693317388191,0.21319662823768915,-0.31905393566661816,-66.93796799615303
1.6286155455712918,0.07409478041977519,-1.3801014582148914,131.81309701035153
0.7384665799954104,0.19686123586912352,0.1713682811899705,101.86867931146534
2.411676675578421,-1.1302037246739238,1.5163940552535728,173.60848003956775
0.5467335682013793,0.840620026504553,-0.23893209916969432,152.58579268524477
1.1890165311075518,-0.6373871273065177,1.4205042479898549,102.14582156773086
-0.4593608995402441,0.24822058630033608,-0.8498443694647918,-24.61772778721797
0.43295982536069616,2.4267164863455224,-1.3776175007542373,189.87090653476886
-1.389572466763596,2.2909425725907417,-1.6453987469568918,21.697522850345393
1.804348109786743,0.487872284871074,-0.19090379172729868,206.74654092445405
1.091310120594269,1.2360931752104374,0.609138120907177,222.69154346934087
-0.07964139124571515,1.4122205554154292,0.4523717962497339,128.21267289394558
0.32579631658216646,0.5796331732135757,0.19438430157733602,97.68769273808468
-0.11473644146689901,-0.7925207384327007,0.5049872789804571,-30.531306094830633
-1.616310608436588,0.7999419019420501,-1.053682419146354,-89.66564774958893
-1.3471262895296965,0.1846803058649084,-0.9716140385106515,-192.57825954991708
-0.9039076414647897,-0.11122606134870032,-0.7355299425897666,-89.52823244810538
0.6931056072631441,0.42881650033057295,0.1764415552772252,115.83118170980964
-0.1601327955666404,0.11502607914741717,0.6713400764504657,34.75156983162047
-2.0870270186020687,0.45838670355148425,-0.5846177306571996,-185.8097464859186
-0.2739930818293042,1.5628887685081978,-0.24338397937501807,57.481997679126664
-1.763040155362734,0.3436182895684614,0.324083969394795,-113.78665213702406
0.47363207681145447,-1.1308884353259157,-0.9263811299815384,-91.74832852564556
-0.09917586377938291,0.650201177958661,1.8466369960476658,91.4293682650358
-0.36961033604363397,0.6215718898560508,0.37710039390218647,18.48895725710721
1.3171150673398653,1.1398785611290454,-0.11806852699107874,268.63775371397514
0.8576596232020194,1.475356216949552,-0.1599385299634271,191.47702746349958
-1.141689114133505,1.4775300810552618,-0.19365945927971812,56.55049887586069
1.5295503194606137,-1.6924646297148194,-0.15800789857898942,21.038615785311055
1.0305805856240573,0.5107920885275947,-0.6578345538521371,133.72797022754483
-0.08973569428722672,0.7090037575885123,1.4401172154494728,93.61391626823317
1.088748619704186,-0.372206776071053,1.884586305934609,115.62784218506727
-0.9221653241776254,0.7569886166453519,0.8696059201056602,-32.42524101970838
1.262584103427182,-1.5256563145700948,-0.5518581458924467,-33.37662946864764
-0.05761879703358539,2.403415585238275,0.2010990467149675,228.00160821850523
0.21743287317972287,-0.19068240076334658,0.8700677306887542,24.100574882784525
0.47897982574639186,-0.4776574467651167,0.3336621052869483,21.142346432722675
-1.2575778589146163,-0.8108575112103382,-0.23401985910698136,-191.85968383953485
0.08658978747289992,-0.6039851867158206,-0.15567723539207948,-67.89450513155543
-1.2141886127877322,-1.006017381499702,1.1581108735000678,-162.8475037618075
1.090980425185967,0.38680852068920263,2.012270445700765,221.49434766581
1.1260502507721681,-0.029262813684978354,-0.05139372358848624,97.94352893693063
-1.5223591862178911,-1.3526702858435344,1.1126883749899252,-237.82928302521302
-1.035242322419374,-0.10703035995455783,-0.553649305347182,-164.6719244285065
1.8009404329108156,-0.6763923020592697,-0.04015795064434341,114.79192932877528
0.33848384346169114,-0.35316629281068834,-0.29540141013902943,13.26762400183079
1.2715550949941588,0.9356783931474612,0.7216720640432351,232.78606493795726
-0.2817846088605072,-0.42018681709585726,-1.344450511034277,-112.233043355071
2.319329539981694,0.14171691363990474,0.39331783939437187,266.8235633968905
-0.32483138350862245,0.9817654869915943,-2.499405714873573,-33.278368244629334
1.1243533598705027,-0.062191016999311004,-0.3340772309799405,52.155292705827385
0.6380511014407572,2.2313001461926323,0.5008444749444569,230.08640537973227
-0.9913923494563072,-0.8469613483183278,-2.153390113603715,-230.00326659021482
-0.7728776678236091,0.9475264621228578,0.4070522871245351,36.72553581213177
0.7045065398247231,1.4558223221467665,0.7890566873755189,192.83368468628254
1.4104591452035038,0.08382662792936094,0.4097627959594974,176.29935957786762
-0.22979963057519381,-2.219300372747535,-0.8514064342603136,-248.5735908660809
0.6141667000434252,-0.22096959953322298,0.7575077100473051,46.48533495592425
-0.5495402745955349,0.9153902755601617,-0.11676591579524663,32.91728112707601
0.7533416211045325,-1.7607627591558177,0.38115838488277776,-57.54653216867099
0.15041890514357642,0.49568188797260465,0.3649610024662254,84.0542869630027
-0.5449190868089497,-0.09671311187039239,0.39913611435207086,-51.60190379452097
-0.5081401976473109,-1.2207124259141586,-0.14778031881747153,-135.0145187447774
-0.8082982853551515,2.1898029332176723,-0.8397218421807761,79.65090193708356
-0.9815086510479509,0.010233061019587049,0.46210347426327075,-93.16597158754911
2.0574954697116987,0.6191542610051978,0.020793707675407894,280.96307891700013
0.5142547560178349,-1.5311075025557221,0.5720574417141441,-41.26798367075416
3.109918556005361,1.9956674897839644,0.6067230591361827,489.9950237533523
0.5597904479310398,0.6105857452838231,1.0807807255546218,138.0113752823046
-1.237815498826849,1.586016816145352,2.1330333746562666,76.95362464612023
0.14125714008746323,0.38298898474092846,-2.1305664798072006,26.687853627374796
0.6855077387902041,0.7579218499236196,1.8486088332964115,175.80283966815097
-0.6078219870944325,-2.1218548990085946,1.2969945465611092,-207.79184809482678
-0.08152267310164589,-0.5041798310076715,0.34767648353833636,-42.39914708629432
-1.6431888111541673,-0.10325476014904739,-0.17585440443207118,-229.08452636977933
0.44194064956940904,0.16865467196672768,-1.090399077442846,19.484487770916623
0.9113627221747217,1.987275999230808,0.10575379127148042,305.1239477157132
0.3088330125989638,0.02127157673606165,1.702214944635238,78.7109554380318
-0.05554769889661878,-1.7033824393551547,0.3840654489393073,-110.74833268894385
0.6153674840130534,0.738810480887503,-0.9354387020445953,115.44847892664998
-0.05023810944913695,0.2704568257798388,-0.23894804686640975,44.95920681044811
0.5839281853259639,1.8467073257360336,-0.35929209078705954,186.91939677622833
1.490726136849952,-0.213442870930208,0.14866745720211155,102.57603117810419
0.28257995048829965,-0.1671217137864115,-0.24869112618354708,49.72638894580307
0.5131057981760827,-0.43548637056984335,-0.2595466775839172,9.068768024604124
-0.0771017094141042,-0.8158102849654383,0.3411519748166439,-71.29432539035794
-1.6076610271180587,2.0895387216947734,0.18474057889572446,52.66927553898631
-1.496529255090079,-0.92951086019241,-0.6500239344068982,-249.53217308285144
0.7818228717773104,0.25988279424842353,-1.236950710878082,61.72613631960976
-0.5297602037670388,0.32875110965968446,0.5132674331133561,-56.587822547570724
1.0324652605511468,2.1221561970126332,-1.5193699659540134,238.88330720732642
0.045571839903813784,0.21645858958197486,-0.6516003476058171,-5.947287341981773
-0.4830610516834395,0.8950383140761154,0.14679301198554937,33.55886693548717
0.7708651938869668,0.23561455810856594,-1.4785862457798415,49.18190258427001
-0.7539645888666763,-0.06259312789952241,-0.28067507686677406,-81.4706138929946
0.8949243769444413,-0.7184072655691974,-0.2949496782920278,6.41748246611299
-2.123895724309807,-0.5993926454440222,-0.525755021680761,-282.0259321811341
1.5307508323436974,0.5999287299962045,1.2187618516973167,242.79964246194356
0.07682189106025536,0.47704082722312147,-1.2829922241885696,-10.271172745076042
-0.42076179368105326,0.8868873900973003,-2.6042138566271342,-61.065503046941885
0.17989415115347845,-1.103589317215771,1.3920022863445993,-18.1211918782357
0.3918040054025465,-0.5462444482524828,-1.4789115687741288,-16.581698265997407
1.159329803364248,-0.3609661658190799,-1.0810633275998973,77.85979820465033
1.1087035805829077,0.5906548306923093,0.820482181197364,178.08301866832912
-0.6172531865469232,0.8389405004696122,-0.5583017539460305,-34.9440967389437
-0.8206823183517105,1.158595579007404,0.9633761292443218,7.928281548959582
-0.6526239793023909,0.8406435489887241,-0.4461834332147797,44.144558673879686
-0.47949296739924335,-0.4430440211284823,0.2965755451407618,-44.82880674482642
1.8540925663341883,-1.024186824329205,1.221033695525353,140.2691512959676
0.9503075919735757,-1.067802921579193,1.7106133725819253,41.68854000771742
-0.21344715171184725,-0.718444221252436,0.3109075655980046,-41.82047302472525
0.7081086766885905,-0.1524698363805439,0.9567023167945841,60.6087911622835
-1.4123037013352915,-0.9080240755212109,1.465648768921554,-205.60534642820167
-0.23040071420576733,-0.7584953347000695,-0.9242331442683044,-102.36950920194704
-1.5178737466808094,-0.07159925185806683,-0.3570292008066094,-180.223158867353
0.9312801191161986,1.030999522495951,-0.8392175232226385,132.65646225772582
1.185704154662997,0.5366527525272862,0.7189533106650667,172.45518622731663
-0.07576428653545988,1.0391117874202687,0.6704806172412126,102.26307247642829
-0.2234627853258509,0.4824724152431853,0.714000494092092,61.79534896446488
0.10939479460489289,0.1292211819752275,0.725766623898692,44.37988006707248
1.6850142787085094,1.230874513154735,0.5628808601743548,296.82113304047834
0.4735924306351816,-1.0623037137261049,-0.9194242342338032,-58.935391183017884
0.8970661968871322,-2.205566057099069,1.2748750412787222,-60.150589010142426
-0.6629009175509482,-0.7019916878067554,-1.4026052717996935,-163.53098428860426
0.6408428612670098,1.7976865268495226,-0.5711789897827968,234.80046290795912
-0.07444591576616721,0.25755039072276437,-1.9187712152990415,-59.00690201626931
0.7175422557959623,-0.26940683444455776,1.502357052096028,74.92514241123631
-0.8612842013282637,0.0773683076476183,1.5231240772696573,-26.65870290915625
-1.015821818978397,1.1486373494287152,0.06167984984797165,-4.1434692262276025
-0.2346205699574138,0.8584511166566653,0.03823799496002834,76.40554188625948
0.054934110999848726,-1.2457173764463845,-0.7095798547491726,-120.57685828128281
-1.0040545968420103,0.34980002456790754,-0.09546424708907303,-93.31313007487233
-1.2608839543350452,0.40498171096095553,0.9178619470547761,-61.54418373674139
-1.6394841625254342,-0.22954865536034708,-0.39247110606087293,-165.1873734076732
-1.0147567306928669,-0.5816809139486437,-0.6492775450660071,-153.10100404081874
-1.5506634310661327,-0.5034756541161992,0.06856297480602733,-206.0905782305215
-0.7567950885694608,0.9960476858058164,-1.4218106667418438,-33.76110979164377
1.8811570694405901,-0.5551995266931984,-1.448013900416244,136.60830898495536
-0.18039168176240783,-0.3574454228104272,1.3728484746765302,-18.99800291832081
-1.5708761520684993,0.4477169258102776,-1.1267674689098053,-131.82660047753703
0.9553052085705107,0.6963874474567153,0.08840688629184736,125.19237249583512
-0.8222203955664315,-0.5637245528039747,0.2436872114919123,-95.4710904314753
-1.0399059271255309,1.1081828167375165,0.6127739050625697,-14.194082189153656
-0.3357846992901282,-1.295078772063616,1.669021525289393,-103.6428909609759
0.6863184569567008,-0.4070363129267805,0.10589445311523424,39.91649194161232
-0.06863404608546861,-1.9122549754197768,-1.3683150388328105,-203.8330608794594
0.4599721429391164,-0.7534178703461835,-0.6777153697521061,-36.75938662706574
-0.5765104007267194,0.7591551603026468,-2.59104229214491,-23.123991264625296
3.193107567844861,-0.18047991359062565,0.29875290836568624,283.43904223219755
-1.326472128311083,0.39069592092814415,1.0473177066214483,-88.32784765402755
-0.5441140021141926,0.6031874310823431,-0.1627929060722942,-4.613233386849799
-0.661786464768388,0.18645431476942764,0.852433334796224,-20.671323582320746
0.538296079049633,0.5078357562896237,1.0725073373098022,107.68231950794952
0.597400069849858,-1.2276078151369925,0.7011727423108983,-34.38911397158829
-0.5827586576115821,0.26536234939962844,-2.438817158276429,-116.12477107156019
1.9764405845154855,0.5844129804724842,-1.5642416117110514,195.85781906034111
0.7505791675217656,-1.5171736966716791,-0.41619440488525394,-52.98932329145745
0.9983108981479604,1.5213160519224513,-0.4316203127180484,213.93006910004544
-1.3985675738191412,1.9094166404701305,0.5629692366905709,29.998407893576644
0.3464884758979927,0.9163276747024814,0.9980101098596522,93.71916779879655
1.1033018820165215,-0.037634702424848364,0.11422764866203965,104.68966009121937
-0.838585798447231,-0.3078084711388841,-0.8866809222834573,-138.09431948815666
1.0143700650181304,1.6654744444625766,-1.8408742313316453,192.70928240348726
-0.643518230380143,2.165002344901084,0.9278401280812372,138.24571517774592
0.020886488295961788,1.6614701657280182,0.23070090571868349,162.92710731414863
0.10435593752321293,1.617212574968624,-0.8987840483231282,116.93418101185142
-0.510016398854747,1.0375399442578992,-0.26987493529337125,22.170781561082823
0.8271832490360238,0.27669079933001905,0.01300189187790702,82.96470471569566
-0.29027454418865134,0.9190764829877686,0.26739231407190295,48.954737236067224
1.179440120721287,1.8314587658543537,-0.4691756521047048,254.39315532120102
-0.5138669173366935,-0.9398797863273552,-1.0592135218889516,-141.89787814498874
0.2873289044030093,-0.28744751940035557,-0.04551224530124217,16.14739922215126
0.6686548047579066,-0.1755639454992155,0.09806753953894455,60.60389609808863
-0.024195606390916165,0.40373009033660945,-0.9037018607301281,7.173973683201301
1.2374381346841392,-0.0635245746153551,-0.45730165508679,93.07954385056692
0.04852162794482699,-0.863990769679816,-0.8309501164110378,-114.4549912861957
-0.47622087354465903,-0.8192578597214978,0.8743891807127275,-86.97811541082677
-1.405567019178642,-0.370508098590029,0.015618333949603047,-141.65698923118538
0.849102110743144,0.6955377575657775,-0.29396694766418224,111.5521167208659
-1.382799730964336,-0.8756182533847572,0.9261775475316414,-187.08686444667737
-0.5327008396619114,0.5136001065697166,-1.169916835710288,-52.6719966917576
-0.9378250399151228,-1.377669367957091,0.5150352672086598,-188.60072506702292
-1.234348871879922,1.6155828235482317,-0.5924642591528942,-20.946201710415384
-1.1119670257741636,2.620793091029975,1.4641772387524374,136.66701834095704
0.4794415180860639,-0.061764199860128925,0.8745170741325226,62.47786261102561
-0.8224199323822006,0.152354872033722,1.1210306673244714,-18.306840521901222
1.477894044741516,0.3571125715117464,-0.5182702182736474,170.37441424208987
0.22388402427913137,0.4810092317367132,-0.7904744554453119,59.43724423061086
-0.6680904536430488,0.3216978061960136,0.9920423495365228,2.536848726145948
-1.331232953557778,-0.7859894605079495,-1.8362053731032966,-268.2624544688283
1.673452090298537,-0.2716551103260533,1.340461051790348,181.56866420739775
-0.3164084496948019,-1.092312764672579,1.2130976999791834,-100.85051406907596
-1.503080301759818,0.6504500925361392,1.0519476177229186,-67.47038592592129
0.4209729443893898,0.6988284202025348,0.49201884799279927,98.21757194487435
1.598647170504717,-0.25879606266710237,0.5609194479412387,136.86993014043665
-0.07282891265687277,0.47323762457354485,-0.846793718068405,6.283328570905478
-0.4888494217862741,1.543243528272189,-1.1196174332890112,61.10961136034804
0.655900776529761,-2.9403886346642802,0.19473619471877485,-168.3371488146957
0.02390304328495547,0.14488783309689118,-0.35141423571373254,-5.734135668371766
0.1904996797790664,0.33198033056901455,0.7094518171390395,63.577082137937
-1.1165244399486591,-1.7073579575929467,1.2358116200069387,-238.68559744628948
-0.8082657216409264,0.08531814256502405,-0.8304444065565653,-98.32582440665904
-0.7050118557584089,0.4190190093660452,-0.05576907765770601,-25.849144819851176
-0.09858813228426173,1.41093237974627,0.018849622944847662,98.99538093589955
-1.5031429531181062,-0.2595913513636048,-0.24574306408594432,-184.54134791901714
0.6748194921666038,-0.04946370965243295,-1.1227220215622986,25.618329329033102
-0.46341769281246226,0.5425600435859647,-0.46572975357025687,-16.173512381730255
-0.9824873935383096,0.9407711879882159,-0.2246331499970246,2.3720656250596797
0.7368438970924334,0.8840453963610497,-0.2813275571182134,130.22381219184172
1.7388996637975789,1.4223698616985077,0.9788580507817954,313.465958603882
-0.18452535765584954,-0.6243453897132241,-0.6047446645382127,-106.19630389453334
0.7600559636896026,-1.5047203740310022,0.08243975293450329,-60.680311707215054
0.8260471714415063,-0.1314725956716678,-0.43676423723821745,48.89350268801411
0.440474737960399,-1.5929937335316693,-0.019637798926681216,-91.69699777856248
0.47635776935621926,-0.9735461997044687,0.5054701591666269,-27.07778155163517
-1.2565068942792563,1.4436320034688142,0.8132051867479773,4.416403727731634
0.3287624103034804,-0.06413834659299254,0.32135721545027307,38.87997352239779
-0.009300321138614417,0.00020706491819709385,-0.32789471651291785,-2.634433498395736
-1.703871586826719,-0.36650702036805183,-0.9244659881295544,-208.43246152110396
0.19408999289830758,-0.44643361455052827,1.073631749859772,-5.428142913018197
-0.5601810401969696,-0.8289950109220723,0.7472936051232618,-77.40545258149297
-0.4442932600761116,-0.9787637157823074,0.3773004930448522,-150.55684227163425
0.8135096360006385,0.8254163489880298,1.305478807154329,182.9624652077416
0.6347214685617699,0.4891871301476635,1.1096998419562232,130.05970770970697
1.135565640180599,0.570890510693167,0.9540017634932023,183.48914233497183
1.0299608175811612,-0.643549832317462,-0.33477533210654087,64.01390434215418
-1.129706854657618,0.8356921120651418,0.5298041779152828,-38.31814412618286
0.32405702822156063,-0.19050310599781134,-1.1476913898156673,-6.593543745950598
-1.3671378064602457,0.46320629209912306,0.8481742126666681,-79.3245825434971
-1.6127158711896517,0.6862601903745135,-0.47193186578943347,-87.28106232934594
0.12320480678448567,-0.1758858124323366,0.5514853760404675,49.29293859409974
-0.13263374638257355,1.8998819348952156,-0.9745293046706415,159.6112349910273
2.0883747047807275,-2.8962553781936893,-0.13958962815517376,-49.06708826474562
0.05194588580729943,0.7276295436369798,0.7326400772155792,58.693790023169974
-1.19363683175648,1.775310892609512,0.9191541736100015,17.96376157020029
0.09284490114111471,-0.5487249077409615,0.15985639199740037,-15.807463085080082
-2.120700152635066,-2.238231233324972,-0.6068651778571754,-431.76020331843114
0.3996879517526416,-1.2968319479558466,-0.651356893791829,-67.35935386824848
-0.8560838259088672,0.8303358165442456,0.07156623721939247,6.695533603537546
-0.6929095952606542,0.35701548596504734,0.8995998754332507,14.590635208752513
0.4400144500533324,-2.198805956620082,-0.5020542243526112,-135.72595919666395
-0.6231405264247644,-0.5309969550018176,-0.5554771191602547,-134.34616043858568
0.0005279588565972928,-0.4501892648514116,0.6012067489291149,-14.901165660999546
-1.097302527632844,0.2167755637626291,-0.5888668267386961,-85.30986490533219
0.7942646796218271,-0.5290526773462948,-1.2542894231692494,-19.163843641105316
-0.7472116791478234,-0.021367294348436157,-2.4242402602729416,-134.99881238781248
0.8333339117803071,-0.5482687949250771,-1.10486279306252,-24.526898248104658
1.1727290192593647,-0.025554070991445278,0.5436001545944323,151.84348358536224
-0.0349884904969617,-0.7031764251258874,1.77080063563551,-19.820854661715977
0.3465038817307158,-0.46770120131189136,-0.04692057887918407,-50.55498269232855
-1.803139676255945,-1.5137143926128271,-1.5841359430054898,-327.338664621027
1.2065089665083568,0.14671368643332283,-0.8169356709872361,111.29063348361626
-0.12982069973342616,-0.1852876588777083,0.0438114719791096,-27.718553352388877
-0.7627247785662142,-1.6075598643689741,-0.7691423497872982,-210.2715257391035
0.8951932200277323,0.3934853854217496,0.6351718016819695,115.17021126720033
-0.20298063739565708,-1.3192471945987674,-0.8000385643976464,-145.89506560728992
1.083051243175277,0.5607845263682344,1.053802052034903,173.95811574216933
1.0729780477660118,-0.20931381957936157,2.3638724946193608,147.887637173487
-0.4080753730215514,1.2012139221639448,-2.038124535177854,14.922784123931761
-1.183258512665775,-1.7587394864231143,-2.0392321777601006,-297.7280111538343
0.3696421921980939,1.1731246375866413,-0.10730214400422888,155.4241261435403
1.7495839042054206,-1.6065771007386793,1.3814540786904865,58.458986035413865
-0.48791140814570266,0.6779258713392691,2.1573082132655035,53.190493958953
0.6731813512699584,1.2897527540827456,-0.13845598398377382,161.53828113145306
0.05921843401448826,2.5733598032498604,0.013929291912946203,249.34281735898267
-1.0196643386921156,0.5646059258936003,-0.02355215087423812,-44.91376630875634
1.6964563682900382,-2.081929407883722,0.2110174672026184,-4.453844849440001
-1.4183657329330317,0.9325908318730899,-1.7608088119807759,-98.72549059248227
-0.5468589412403921,-0.5736620068802363,-0.03275327021599839,-136.01468755549382
0.5161782871149584,0.7250957868479971,-0.6414815952229522,72.55160881656458
0.0760053914124115,0.5583269125217224,0.5387559924463692,70.91327465143992
0.08704706823817122,0.8219025043752238,-0.29900735046586746,42.062909187298104
0.28869362927985703,-0.2500465145989528,0.2603218387712207,18.433219289827605
1.8522781845089378,-0.6017066122293969,-0.013497224737933921,95.25848139580617
1.8381836767951225,0.36728731340134063,-0.22346598237185214,230.1280267646225
0.7153813154412441,1.114321694668872,0.7181857257079345,174.1865216574794
2.0997217891665154,-0.06613261462582246,-0.24702570074599667,195.1138731269099
0.07748051851886253,-0.9519184600222356,0.2577525401427507,-66.16119657298522
0.6860514599984393,-0.9649234605801045,1.0584244868495878,11.124810917259023
0.2806364044901364,0.996858773465808,1.7586204841951334,170.90717946449578
-1.7397137787780996,1.1487657003721035,-0.36244094140313216,-57.952112177925315
0.03408346825922607,-1.2239402667622565,-0.7699732310586418,-133.1211417971282
1.1428228145150205,-1.168678037619532,0.7519330326867741,37.31158840510908
1.6744924333475373,0.4577728661518858,-0.005596018829046555,191.524200964916
-0.8682927318763665,0.38961417737090387,0.5346290861224353,-6.142355466774326
0.6663125009092119,-1.148794035158656,0.4625912928539512,5.356812383168336
0.38193545223155334,2.076747983560841,0.43004164719106963,225.52960792766225
0.645215585950057,0.5211224283793383,0.5556044660034485,109.25546836778562
-0.06607979864731657,-1.6615200622689599,-1.2110161997624567,-180.49303040424527
0.07863519031609059,-0.08071658010858232,-1.9982006845321076,-50.322860334907844
1.2038844371688162,0.6157711497711416,-0.13944627568099954,153.34333070236465
-0.48712538376469605,-0.6506425691218269,-0.5923939242388692,-132.69277660097305
0.49968511030293383,0.23940450053537707,0.4720022709192744,57.09244552900435
-0.22096417382966393,0.8773622905756714,0.02688583899453078,96.36605536067768
-0.20932367715186612,1.4711703274936085,-0.6690727386599166,58.161858122312296
1.2269332238843076,0.7660802783846903,-0.10015407647995278,204.81878856931027
-0.9683444548636353,0.5500520990245519,0.1053755061459599,-44.99356372754013
-0.8627757640431206,-0.47883745600840416,0.6934789119139937,-87.65628938532572
0.39379729821625153,0.3687331473175197,-1.92767257934561,43.165711655037335
-1.1583646891925428,-0.0036025390905684044,1.5033983017671506,-51.579219126381815
0.8711247034316923,2.075400798645439,-0.32602353216784113,270.78355819364583
-0.5756378262377739,0.7003098794089914,0.12200981464536144,-12.068697607734078
0.9551423205012383,-0.06267909727317188,-0.9857260463355437,75.92967754360576
-0.4606387709597875,-0.7198442083947086,1.0571222262189157,-83.365067380157
0.6543656563540577,1.496044311489183,-0.05558467091045507,169.71524167890803
-1.0589075870566005,-0.5057467042619367,1.4816634024625988,-118.1898782383226
0.1664522082130561,0.3824097461840506,0.4924512640081491,66.00310041826646
-0.5426737997340217,-1.801057734152739,-0.7877837519082389,-237.95780352448
-0.8043157596599924,0.6295295842218108,0.8953554307625996,-27.02730519280294
2.601683114180395,0.24075317948856828,0.5655096456315442,296.6722928405756
-0.8432465953161917,-0.24606248812994858,2.1709427174978138,-77.83144446538671
-1.4063174636718339,-0.692420979873856,-0.08310557262869477,-195.287589138467
-0.7924199209999613,-0.14451867071551783,-0.3079615296390403,-90.95592991934565
-0.8182206832334725,0.5951570254369136,2.0923872756854602,44.338389579878054
0.0754336389015928,0.7421274910718922,-1.6019658118971685,-10.114172643390596
-0.09605989972464987,2.5600845382687947,1.1492733262856758,242.56720111580657
-0.6115178029919482,-0.7553829323533225,-1.4066610968482223,-119.49717100833861
0.6222071440434019,0.30047435961082836,-1.1388331177807691,84.36274087204157
1.2657078408647007,-1.0276751409259581,-0.8661748482145009,33.575179693071526
-0.44004448669698376,-1.4301413779606327,0.13074057728609134,-161.2456534841105
-1.5702247198904564,0.6218099622171964,-0.7271371758248686,-142.3671945206787
1.0352493347237526,0.8901984111247868,-1.8461878622380938,136.46776548672233
0.1979107834626478,1.7359638031652493,-0.6514180036144483,151.58227748920112
-1.9596701238797756,0.2088635950047554,-1.3281860488984305,-201.54408272866527
-2.4716445001272893,1.4415686206579004,-0.7968952554704768,-174.33184118232435
-0.3791277409874871,1.628396623128538,-0.20358036010236177,108.72020206317868
-2.9911359709007233,0.08520944963390106,-0.18689615816198485,-262.9145273927555
-1.913280244657798,0.24196227156603412,-1.7249178325130328,-210.574623025496
0.9751197334177512,-0.6771617115121117,-0.14705738150213865,16.077443840306984
-1.7858664919341112,0.5731278132412001,-0.3596296724524624,-158.34234446263625
-2.0841129394985884,3.9262377064363267,1.7246966497611085,171.66676563399267
0.7426824183597224,0.07595526791608741,0.4822489526806572,87.37631451394141
-0.955122579349353,-0.4036484632419967,0.42359906559346105,-128.4733900398281
1.1173988159024608,0.501782736167545,1.4484992298929262,178.75014765584004
1.1792971840638264,0.11567463429285867,0.06751848141010895,134.03486323622516
-0.2797601684958344,-0.2789629303318085,0.7903718960517113,-5.888727076358485
1.2816437950037687,-0.31771509675623405,0.5576910607251245,135.48430078753506
1.5655240292343404,0.37721187506452086,-0.0657502610729878,189.68880513774644
-1.3516846056163336,-0.9232332461109043,-0.9758732529773327,-249.33833688457165
0.23421473253652075,-0.03468488738678118,1.5505004928140769,91.16175253101801
-0.36283856043965906,2.2988981236192503,-0.4455025214007718,101.56401634149665
1.0964692338108837,1.2235688824186275,-0.6256772874962124,214.71783783202432
-0.6475418056351592,-0.3583401520212222,0.7441919714999368,-78.27110966489292
0.055724912288694604,-0.12578692009964815,1.0941915184709485,29.50374713712879
0.5868570938002703,-1.4018510627922809,2.1904556258099785,9.807609464976569
2.9490944253087252,-0.8254105299789551,1.2446795807367868,248.18471151440474
-0.060660813814620775,1.9011906857530074,-0.7084067669104628,169.36232692215071
-0.22939074406802776,1.1695899924277735,-0.04347694981386243,42.812620800408894
-1.356581804623405,0.2935579321666293,0.46642998243352635,-141.4831980239632
-0.9555404406004258,-0.12791759148076653,-1.6064463202575725,-132.70903796483523
-0.007972641316617372,0.8816397569494505,1.4799441388900259,86.10767982441735
-0.26888869055483056,1.1265650295477574,-1.1065259087416703,70.82499326944134
-0.48760622407249354,-0.4118769661224674,-0.4325581878196209,-73.4537171911353
0.3384964074944141,1.143754043206929,-0.4152879139008013,112.02702920102895
-0.7484865365565536,0.33231401197959165,1.551151975522523,-40.80842975182878
-0.9043166251044086,0.25972250172148187,0.6385924587773739,-40.63080731976574
0.028181157369128247,-0.8984679817910373,-0.009118996644203544,-100.01457027102603
-0.3519213178165091,-0.48720292119492714,-0.7699960661974573,-112.18081194685911
-1.5231869047837747,1.1950466289248425,-0.5589218472715883,-84.82451517810176
0.8250982646676347,0.15519068385897913,-0.8671302157109003,64.66047311100323
1.8732977762175456,-0.668144085538994,1.0800480657146485,130.42924724255968
-1.5648027713620551,0.3496500472996937,0.0953441994413082,-125.66811697429297
-2.703232292999237,1.0010460925671412,0.6778753195309076,-182.11920349200943
-3.2412673400690726,-0.05952535606180008,-1.0243876413342898,-326.9820667091506
0.4183982208886837,0.5225141052657575,1.4015985929464294,150.41232268518127
1.3043402428781525,-1.7485319732381808,-1.6624919880356743,-72.0495234881684
0.04886007032570433,0.5432980290363879,0.04059169120388238,41.53582369396155
-0.6757080791616118,-0.4872285641135523,0.0341524174880246,-114.54080443647305
-1.0896330373423884,-0.6520888885930607,-0.7847619081277034,-169.02580619792784
-0.7557451594928447,-0.17495975669540864,0.5365098435704035,-80.59378886891994
0.8297324178791745,-1.2995812369275976,0.8113965544915921,27.67474675302795
-0.30920907704986345,-1.4575514994649306,-0.7521564055905832,-200.54149417930591
-1.1105758454658288,-0.7778166875908753,1.7522704434236227,-148.1595407321772
0.7129984301723881,-1.2221278088919454,-0.24032539815813503,-52.337250801589136
0.19358991136754436,0.26256132900192497,0.8508979621679722,64.4551772112256
-0.8275902206487197,-0.3670278390833223,0.08614388304637476,-125.78014952372332
0.632407739055521,-0.5624667758942676,0.9725544496267299,35.813170511385586
0.07331796718840389,0.8231705839619146,-1.2899608997410539,52.83773870588939
-0.38770155993598415,-0.6127886904843862,0.28586539072490497,-78.8986719619594
-0.5574230531083212,0.5950294658355647,-0.41299782214343406,-15.63783972701091
-0.9730689408815555,0.11958036841415326,1.1965715016644913,-85.73341866191912
-0.535963445114048,1.0859821161750323,0.8080577982811451,60.877228540649504
-1.44964521969853,-0.08343796979036086,-0.9218598131253132,-189.446254726121
-0.27681329988892067,-0.221253623585772,0.30740669780910074,-26.419695243464368
0.1200313267182613,0.03800347816820029,0.6135179727304166,20.465511528235993
0.6791427754381955,-0.2634482160822491,-0.3020454994898642,53.12606686899302
0.5931012579683838,0.6159356069442637,-0.3095464393139903,107.23533959526321
-0.05240445057746945,-1.405189846803575,1.7041055162554912,-90.36474591560442
1.2289805024890619,0.5348173363459102,-0.6373077470287948,150.05651863964286
0.8823330623234091,0.6045153263553668,-0.45209033283308037,91.09302514292985
-0.5482872964906009,-0.15589817793666752,0.1600182258527877,-80.9482026402827
0.606850593215671,0.4200944904518413,2.0565435648295414,153.43719836346094
1.5646436558140062,-0.03582603910995154,-2.6197451040897444,71.82146916511117
-0.9637589262106109,0.26028050658288615,-0.9571509148950429,-92.5637304008957
0.014273067836434106,0.7307641190665245,-0.9539394193966448,50.05493916930287
0.48473281729447476,0.8527736751222195,-0.8463566549908735,102.29329485944385
1.7388513518533313,-0.6355578414044034,-0.3212427661179117,86.90099348307808
1.0062928092144405,-0.38455554422982535,-0.5768918695231487,64.71081509758838
0.6241198170521551,0.7916626939629359,0.6283455092642799,119.48192093410086
-0.13744851462769186,1.3736585451629577,0.9528745472029388,108.70702705965347
2.4553001399108942,0.2891686439078181,-0.637739984251316,222.6602296898234
1.066674689589154,0.5072740311072977,1.1692955904456728,182.30522488394377
0.2942241290134937,0.26348721533105957,-0.234407800316322,44.75110379814778
-0.5503051538454201,0.2606737658239071,-0.6716233679380516,-30.015624220771926
-1.7785875840065168,1.192507512477975,0.31965182591897723,-52.850992218260146
-1.3810446031537749,-0.7859860326349823,0.30381859560487573,-194.98068659345512
0.18970616761039566,-1.3631740045928105,-0.6619821777966091,-73.59417984993055
-0.6769220003059587,-0.38508228041631654,0.6116762888408679,-92.59677362235443
-0.14408755572161547,-0.9393353938187543,-1.2096947428411076,-97.66844505438596
0.17682087213939798,-0.7217375533372533,-0.5466800845872654,-59.954072758749035
0.30154734233361247,-0.19236096478112252,-0.03471176970524331,16.220025224433492
-0.1730718242838696,0.12557645347154225,0.015579047581467534,23.470804199009894
-0.7537361643574896,-0.2453881160028705,-0.8895144296255233,-126.62836275572428
0.003375506597160999,-2.6357477390168778,0.32782117284308526,-226.65859526900053
0.5150476863060479,0.5137859509122088,3.852731490654721,213.1314709355649
-0.6248185776956788,-1.2795769667357015,0.026091050210833786,-163.9988160355703
-0.20447122098612153,0.38632331781156,1.75547569831549,46.01655081183
-0.3540407109410238,0.591814133741378,-0.573601772896901,-6.546264895570339
0.3227185603380895,-0.2886586389201383,-0.827230943552323,-17.86779246111533
-0.03955515385665504,1.0531528533329035,0.6815006973726244,123.24591151890343
0.2011596558728393,-0.4646172972983931,0.28328787154614216,8.980071887094667
-1.1306153349375263,-0.7582820688875902,0.6227112239002686,-131.28452104345675
-0.12270893359572414,-0.9600462952794637,0.09337237427665124,-86.4438396880848
0.17086543812794186,0.743264094022715,-0.18398333635267913,67.42838328425572
0.3464482094969757,0.25049285034587654,-0.6800247215784908,-6.779828803339193
1.1337700968670645,-0.194908280352681,0.5935567222808619,117.5986261263649
0.594754341665286,0.5639091200523596,0.8534155587803077,113.20720507522991
1.613711269058647,0.42192075423528475,0.45353430151397983,215.2579210570901
-0.6134026635409398,-0.33708597111803934,-0.30246968648812833,-60.850335934181174
-1.1430049127304835,0.6387302220291846,1.633431532301096,22.145304093155023
0.9218015019772522,-0.3135296861723979,0.4826878872092127,103.9331169115516
-0.8892408282283243,-0.4555395260238707,0.9553005582377528,-114.04973902064691
1.2669111491866227,-0.48423407286625136,-0.7076694656187807,91.6831608821004
-0.9993022322949108,-0.022868062298882122,-0.5047749212282174,-125.50636592144296
-0.9020515543575104,0.3764095260975166,-0.8696630812746944,-84.90612998934147
0.25602973431387566,0.472597482413043,0.9826909839455139,71.9881969294668
2.5269324258736217,1.188393273448084,-0.5308687729203206,320.15214212191574
0.169360824036078,-0.9206735930793662,-1.4137144969049802,-85.97825745200247
0.9638791167949097,-0.14700200162848862,2.2105230015913513,123.54376453268537
0.15039378647620763,-0.759132661553698,0.34175597577715944,-45.66191793605541
-1.3993061748019415,0.49986412374037137,0.3676492929914216,-64.13591164829822
0.046980593764742055,0.005243699718183166,-0.45006547147924364,-4.7001443799574085
0.2553837556743171,-0.9254246260595873,-0.8953463223630241,-83.64684974898579
-2.6968866429415717,-0.2727235697476705,-0.05429486651781221,-271.1013110372923
0.33126343140356396,-0.3092123758512146,0.9755451271223592,19.864183887471064
2.7596600389110777,1.0602099074988798,0.39241596717876703,364.3501176172582
0.8604734883597454,0.8157372125392968,-0.5830774385689385,137.65713164286814
0.6078965097165392,0.27902152577033923,0.1866091231563581,110.31808164795068
-1.280429352496283,0.6060099513456396,1.7547941819843647,-20.085770195242908
-1.3796181647889305,-0.971656734541286,-0.6267172245899651,-187.10850703923396
-1.0138959522925377,0.9242701395378298,0.08568716140335904,6.274125959109075
-0.46649537922819795,0.9965705105794472,0.6404797952008238,29.33823252175535
0.4367385517335095,0.19894814679649453,0.40429475496169764,39.95046425858737
1.3902075490173134,0.8177662992002871,0.5578103063518622,242.34173566730195
-1.252393444413119,-0.01208894784605456,0.3636318826249679,-135.56557425688973
-1.6151318159055095,-0.03564148229748357,1.1647393544571714,-109.45088365300481
